Cache sync 1 at Sun Apr 26 17:34:44 UTC 2026
Cache sync 2 at Sun Apr 26 17:34:44 UTC 2026
Cache sync 3 at Sun Apr 26 17:34:44 UTC 2026
Cache sync 4 at Sun Apr 26 17:34:44 UTC 2026
Cache sync 5 at Sun Apr 26 17:34:44 UTC 2026
Cache sync 6 at Sun Apr 26 17:34:44 UTC 2026
Cache sync 7 at Sun Apr 26 17:34:45 UTC 2026
Cache sync 8 at Sun Apr 26 17:34:45 UTC 2026
Cache sync 9 at Sun Apr 26 17:34:45 UTC 2026
Cache sync 10 at Sun Apr 26 17:34:45 UTC 2026
Cache sync 11 at Sun Apr 26 17:34:45 UTC 2026
Cache sync 12 at Sun Apr 26 17:34:45 UTC 2026
Cache sync 13 at Sun Apr 26 17:34:45 UTC 2026
Cache sync 14 at Sun Apr 26 17:34:45 UTC 2026
Cache sync 15 at Sun Apr 26 17:34:45 UTC 2026
Cache sync 16 at Sun Apr 26 17:34:45 UTC 2026
Cache sync 17 at Sun Apr 26 17:34:45 UTC 2026
Cache sync 18 at Sun Apr 26 17:34:45 UTC 2026
Cache sync 19 at Sun Apr 26 17:34:45 UTC 2026
Cache sync 20 at Sun Apr 26 17:34:45 UTC 2026
Cache sync 21 at Sun Apr 26 17:34:45 UTC 2026
Cache sync 22 at Sun Apr 26 17:34:45 UTC 2026
Cache sync 23 at Sun Apr 26 17:34:45 UTC 2026
Cache sync 24 at Sun Apr 26 17:34:45 UTC 2026
Cache sync 25 at Sun Apr 26 17:34:45 UTC 2026
Cache sync 26 at Sun Apr 26 17:34:45 UTC 2026
Cache sync 27 at Sun Apr 26 17:34:45 UTC 2026
Cache sync 28 at Sun Apr 26 17:34:45 UTC 2026
Cache sync 29 at Sun Apr 26 17:34:45 UTC 2026
Cache sync 30 at Sun Apr 26 17:34:45 UTC 2026
Cache sync 31 at Sun Apr 26 17:34:45 UTC 2026
Cache sync 32 at Sun Apr 26 17:34:45 UTC 2026
Cache sync 33 at Sun Apr 26 17:34:45 UTC 2026
Cache sync 34 at Sun Apr 26 17:34:45 UTC 2026
Cache sync 35 at Sun Apr 26 17:34:45 UTC 2026
Cache sync 36 at Sun Apr 26 17:34:45 UTC 2026
Cache sync 37 at Sun Apr 26 17:34:45 UTC 2026
Cache sync 38 at Sun Apr 26 17:34:45 UTC 2026
Cache sync 39 at Sun Apr 26 17:34:45 UTC 2026
Cache sync 40 at Sun Apr 26 17:34:45 UTC 2026
Cache sync 41 at Sun Apr 26 17:34:45 UTC 2026
Cache sync 42 at Sun Apr 26 17:34:45 UTC 2026
Cache sync 43 at Sun Apr 26 17:34:45 UTC 2026
Cache sync 44 at Sun Apr 26 17:34:45 UTC 2026
Cache sync 45 at Sun Apr 26 17:34:45 UTC 2026
Cache sync 46 at Sun Apr 26 17:34:45 UTC 2026
Cache sync 1 at Mon Apr 27 18:02:45 UTC 2026
Cache sync 2 at Mon Apr 27 18:02:45 UTC 2026
Cache sync 3 at Mon Apr 27 18:02:45 UTC 2026
Cache sync 4 at Mon Apr 27 18:02:45 UTC 2026
Cache sync 5 at Mon Apr 27 18:02:45 UTC 2026
Cache sync 6 at Mon Apr 27 18:02:45 UTC 2026
Cache sync 7 at Mon Apr 27 18:02:45 UTC 2026
Cache sync 8 at Mon Apr 27 18:02:45 UTC 2026
Cache sync 9 at Mon Apr 27 18:02:45 UTC 2026
Cache sync 10 at Mon Apr 27 18:02:45 UTC 2026
Cache sync 11 at Mon Apr 27 18:02:45 UTC 2026
Cache sync 12 at Mon Apr 27 18:02:45 UTC 2026
Cache sync 13 at Mon Apr 27 18:02:45 UTC 2026
Cache sync 14 at Mon Apr 27 18:02:45 UTC 2026
Cache sync 15 at Mon Apr 27 18:02:45 UTC 2026
Cache sync 16 at Mon Apr 27 18:02:45 UTC 2026
Cache sync 17 at Mon Apr 27 18:02:45 UTC 2026
Cache sync 18 at Mon Apr 27 18:02:45 UTC 2026
Cache sync 19 at Mon Apr 27 18:02:45 UTC 2026
Cache sync 20 at Mon Apr 27 18:02:45 UTC 2026
Cache sync 21 at Mon Apr 27 18:02:45 UTC 2026
Cache sync 22 at Mon Apr 27 18:02:45 UTC 2026
Cache sync 23 at Mon Apr 27 18:02:45 UTC 2026
Cache sync 24 at Mon Apr 27 18:02:45 UTC 2026
Cache sync 25 at Mon Apr 27 18:02:45 UTC 2026
Cache sync 26 at Mon Apr 27 18:02:45 UTC 2026
Cache sync 27 at Mon Apr 27 18:02:45 UTC 2026
Cache sync 28 at Mon Apr 27 18:02:45 UTC 2026
Cache sync 29 at Mon Apr 27 18:02:45 UTC 2026
Cache sync 30 at Mon Apr 27 18:02:45 UTC 2026
Cache sync 31 at Mon Apr 27 18:02:45 UTC 2026
Cache sync 32 at Mon Apr 27 18:02:45 UTC 2026
Cache sync 33 at Mon Apr 27 18:02:45 UTC 2026
Cache sync 34 at Mon Apr 27 18:02:45 UTC 2026
Cache sync 35 at Mon Apr 27 18:02:45 UTC 2026
Cache sync 36 at Mon Apr 27 18:02:45 UTC 2026
Cache sync 37 at Mon Apr 27 18:02:45 UTC 2026
Cache sync 38 at Mon Apr 27 18:02:45 UTC 2026
Cache sync 39 at Mon Apr 27 18:02:45 UTC 2026
Cache sync 40 at Mon Apr 27 18:02:45 UTC 2026
Cache sync 41 at Mon Apr 27 18:02:45 UTC 2026
Cache sync 42 at Mon Apr 27 18:02:45 UTC 2026
Cache sync 1 at Tue Apr 28 18:13:54 UTC 2026
Cache sync 2 at Tue Apr 28 18:13:54 UTC 2026
Cache sync 3 at Tue Apr 28 18:13:54 UTC 2026
Cache sync 4 at Tue Apr 28 18:13:54 UTC 2026
Cache sync 5 at Tue Apr 28 18:13:54 UTC 2026
Cache sync 6 at Tue Apr 28 18:13:54 UTC 2026
Cache sync 7 at Tue Apr 28 18:13:54 UTC 2026
Cache sync 8 at Tue Apr 28 18:13:54 UTC 2026
Cache sync 9 at Tue Apr 28 18:13:54 UTC 2026
Cache sync 10 at Tue Apr 28 18:13:54 UTC 2026
Cache sync 11 at Tue Apr 28 18:13:54 UTC 2026
Cache sync 12 at Tue Apr 28 18:13:54 UTC 2026
Cache sync 13 at Tue Apr 28 18:13:54 UTC 2026
Cache sync 14 at Tue Apr 28 18:13:54 UTC 2026
Cache sync 15 at Tue Apr 28 18:13:54 UTC 2026
Cache sync 16 at Tue Apr 28 18:13:54 UTC 2026
Cache sync 17 at Tue Apr 28 18:13:54 UTC 2026
Cache sync 18 at Tue Apr 28 18:13:54 UTC 2026
Cache sync 19 at Tue Apr 28 18:13:54 UTC 2026
Cache sync 20 at Tue Apr 28 18:13:54 UTC 2026
Cache sync 21 at Tue Apr 28 18:13:54 UTC 2026
Cache sync 22 at Tue Apr 28 18:13:54 UTC 2026
Cache sync 23 at Tue Apr 28 18:13:54 UTC 2026
Cache sync 24 at Tue Apr 28 18:13:54 UTC 2026
Cache sync 25 at Tue Apr 28 18:13:54 UTC 2026
Cache sync 26 at Tue Apr 28 18:13:54 UTC 2026
Cache sync 27 at Tue Apr 28 18:13:54 UTC 2026
Cache sync 28 at Tue Apr 28 18:13:54 UTC 2026
Cache sync 29 at Tue Apr 28 18:13:54 UTC 2026
Cache sync 30 at Tue Apr 28 18:13:54 UTC 2026
Cache sync 31 at Tue Apr 28 18:13:54 UTC 2026
Cache sync 32 at Tue Apr 28 18:13:54 UTC 2026
Cache sync 33 at Tue Apr 28 18:13:54 UTC 2026
Cache sync 34 at Tue Apr 28 18:13:54 UTC 2026
Cache sync 35 at Tue Apr 28 18:13:54 UTC 2026
Cache sync 36 at Tue Apr 28 18:13:54 UTC 2026
Cache sync 37 at Tue Apr 28 18:13:54 UTC 2026
Cache sync 38 at Tue Apr 28 18:13:54 UTC 2026
Cache sync 39 at Tue Apr 28 18:13:55 UTC 2026
Cache sync 40 at Tue Apr 28 18:13:55 UTC 2026
Cache sync 41 at Tue Apr 28 18:13:55 UTC 2026
Cache sync 42 at Tue Apr 28 18:13:55 UTC 2026
Cache sync 43 at Tue Apr 28 18:13:55 UTC 2026
Cache sync 44 at Tue Apr 28 18:13:55 UTC 2026
Cache sync 45 at Tue Apr 28 18:13:55 UTC 2026
Cache sync 46 at Tue Apr 28 18:13:55 UTC 2026
Cache sync 47 at Tue Apr 28 18:13:55 UTC 2026
Cache sync 48 at Tue Apr 28 18:13:55 UTC 2026
Cache sync 49 at Tue Apr 28 18:13:55 UTC 2026
Cache sync 50 at Tue Apr 28 18:13:55 UTC 2026
Cache sync 51 at Tue Apr 28 18:13:55 UTC 2026
Cache sync 52 at Tue Apr 28 18:13:55 UTC 2026
Cache sync 53 at Tue Apr 28 18:13:55 UTC 2026
Cache sync 54 at Tue Apr 28 18:13:55 UTC 2026
Cache sync 55 at Tue Apr 28 18:13:55 UTC 2026
Cache sync 56 at Tue Apr 28 18:13:55 UTC 2026
Cache sync 57 at Tue Apr 28 18:13:55 UTC 2026
Cache sync 58 at Tue Apr 28 18:13:55 UTC 2026
Cache sync 1 at Wed Apr 29 18:09:27 UTC 2026
Cache sync 2 at Wed Apr 29 18:09:27 UTC 2026
Cache sync 3 at Wed Apr 29 18:09:27 UTC 2026
Cache sync 4 at Wed Apr 29 18:09:27 UTC 2026
Cache sync 1 at Fri May  1 17:55:45 UTC 2026
Cache sync 2 at Fri May  1 17:55:45 UTC 2026
Cache sync 3 at Fri May  1 17:55:45 UTC 2026
Cache sync 4 at Fri May  1 17:55:45 UTC 2026
Cache sync 5 at Fri May  1 17:55:45 UTC 2026
Cache sync 6 at Fri May  1 17:55:45 UTC 2026
Cache sync 7 at Fri May  1 17:55:46 UTC 2026
Cache sync 8 at Fri May  1 17:55:46 UTC 2026
Cache sync 9 at Fri May  1 17:55:46 UTC 2026
Cache sync 10 at Fri May  1 17:55:46 UTC 2026
Cache sync 11 at Fri May  1 17:55:46 UTC 2026
Cache sync 12 at Fri May  1 17:55:46 UTC 2026
Cache sync 13 at Fri May  1 17:55:46 UTC 2026
Cache sync 14 at Fri May  1 17:55:46 UTC 2026
Cache sync 15 at Fri May  1 17:55:46 UTC 2026
Cache sync 16 at Fri May  1 17:55:46 UTC 2026
Cache sync 17 at Fri May  1 17:55:46 UTC 2026
Cache sync 18 at Fri May  1 17:55:46 UTC 2026
Cache sync 19 at Fri May  1 17:55:46 UTC 2026
Cache sync 20 at Fri May  1 17:55:46 UTC 2026
Cache sync 21 at Fri May  1 17:55:46 UTC 2026
Cache sync 22 at Fri May  1 17:55:46 UTC 2026
Cache sync 23 at Fri May  1 17:55:46 UTC 2026
Cache sync 24 at Fri May  1 17:55:46 UTC 2026
Cache sync 25 at Fri May  1 17:55:46 UTC 2026
Cache sync 26 at Fri May  1 17:55:46 UTC 2026
Cache sync 27 at Fri May  1 17:55:46 UTC 2026
Cache sync 28 at Fri May  1 17:55:46 UTC 2026
Cache sync 29 at Fri May  1 17:55:46 UTC 2026
Cache sync 30 at Fri May  1 17:55:46 UTC 2026
Cache sync 1 at Sat May  2 17:40:20 UTC 2026
Cache sync 2 at Sat May  2 17:40:20 UTC 2026
Cache sync 3 at Sat May  2 17:40:20 UTC 2026
Cache sync 4 at Sat May  2 17:40:20 UTC 2026
Cache sync 5 at Sat May  2 17:40:20 UTC 2026
Cache sync 6 at Sat May  2 17:40:20 UTC 2026
Cache sync 7 at Sat May  2 17:40:20 UTC 2026
Cache sync 8 at Sat May  2 17:40:20 UTC 2026
Cache sync 9 at Sat May  2 17:40:20 UTC 2026
Cache sync 10 at Sat May  2 17:40:20 UTC 2026
Cache sync 11 at Sat May  2 17:40:20 UTC 2026
Cache sync 12 at Sat May  2 17:40:20 UTC 2026
Cache sync 13 at Sat May  2 17:40:20 UTC 2026
Cache sync 14 at Sat May  2 17:40:20 UTC 2026
Cache sync 15 at Sat May  2 17:40:20 UTC 2026
Cache sync 16 at Sat May  2 17:40:20 UTC 2026
Cache sync 17 at Sat May  2 17:40:20 UTC 2026
Cache sync 18 at Sat May  2 17:40:20 UTC 2026
Cache sync 19 at Sat May  2 17:40:20 UTC 2026
Cache sync 20 at Sat May  2 17:40:20 UTC 2026
Cache sync 21 at Sat May  2 17:40:20 UTC 2026
Cache sync 22 at Sat May  2 17:40:20 UTC 2026
Cache sync 23 at Sat May  2 17:40:20 UTC 2026
Cache sync 24 at Sat May  2 17:40:20 UTC 2026
Cache sync 25 at Sat May  2 17:40:20 UTC 2026
Cache sync 1 at Sun May  3 17:42:58 UTC 2026
Cache sync 2 at Sun May  3 17:42:58 UTC 2026
Cache sync 3 at Sun May  3 17:42:58 UTC 2026
Cache sync 4 at Sun May  3 17:42:58 UTC 2026
Cache sync 5 at Sun May  3 17:42:58 UTC 2026
Cache sync 6 at Sun May  3 17:42:58 UTC 2026
Cache sync 7 at Sun May  3 17:42:58 UTC 2026
Cache sync 8 at Sun May  3 17:42:58 UTC 2026
Cache sync 9 at Sun May  3 17:42:58 UTC 2026
Cache sync 10 at Sun May  3 17:42:58 UTC 2026
Cache sync 11 at Sun May  3 17:42:58 UTC 2026
Cache sync 12 at Sun May  3 17:42:58 UTC 2026
Cache sync 13 at Sun May  3 17:42:58 UTC 2026
Cache sync 14 at Sun May  3 17:42:58 UTC 2026
Cache sync 15 at Sun May  3 17:42:58 UTC 2026
Cache sync 16 at Sun May  3 17:42:58 UTC 2026
Cache sync 17 at Sun May  3 17:42:58 UTC 2026
Cache sync 18 at Sun May  3 17:42:58 UTC 2026
Cache sync 19 at Sun May  3 17:42:58 UTC 2026
Cache sync 20 at Sun May  3 17:42:58 UTC 2026
Cache sync 21 at Sun May  3 17:42:58 UTC 2026
Cache sync 22 at Sun May  3 17:42:58 UTC 2026
Cache sync 23 at Sun May  3 17:42:58 UTC 2026
Cache sync 24 at Sun May  3 17:42:58 UTC 2026
Cache sync 25 at Sun May  3 17:42:58 UTC 2026
Cache sync 26 at Sun May  3 17:42:58 UTC 2026
Cache sync 27 at Sun May  3 17:42:58 UTC 2026
Cache sync 28 at Sun May  3 17:42:58 UTC 2026
Cache sync 29 at Sun May  3 17:42:58 UTC 2026
Cache sync 30 at Sun May  3 17:42:58 UTC 2026
Cache sync 31 at Sun May  3 17:42:58 UTC 2026
Cache sync 32 at Sun May  3 17:42:58 UTC 2026
Cache sync 33 at Sun May  3 17:42:58 UTC 2026
Cache sync 34 at Sun May  3 17:42:58 UTC 2026
Cache sync 35 at Sun May  3 17:42:58 UTC 2026
Cache sync 36 at Sun May  3 17:42:59 UTC 2026
Cache sync 37 at Sun May  3 17:42:59 UTC 2026
Cache sync 38 at Sun May  3 17:42:59 UTC 2026
Cache sync 39 at Sun May  3 17:42:59 UTC 2026
Cache sync 40 at Sun May  3 17:42:59 UTC 2026
Cache sync 41 at Sun May  3 17:42:59 UTC 2026
Cache sync 42 at Sun May  3 17:42:59 UTC 2026
Cache sync 43 at Sun May  3 17:42:59 UTC 2026
Cache sync 1 at Mon May  4 18:11:39 UTC 2026
Cache sync 2 at Mon May  4 18:11:39 UTC 2026
Cache sync 3 at Mon May  4 18:11:39 UTC 2026
Cache sync 4 at Mon May  4 18:11:39 UTC 2026
Cache sync 5 at Mon May  4 18:11:39 UTC 2026
Cache sync 6 at Mon May  4 18:11:39 UTC 2026
Cache sync 7 at Mon May  4 18:11:39 UTC 2026
Cache sync 8 at Mon May  4 18:11:39 UTC 2026
Cache sync 9 at Mon May  4 18:11:39 UTC 2026
Cache sync 10 at Mon May  4 18:11:39 UTC 2026
Cache sync 11 at Mon May  4 18:11:39 UTC 2026
Cache sync 12 at Mon May  4 18:11:39 UTC 2026
Cache sync 13 at Mon May  4 18:11:39 UTC 2026
Cache sync 14 at Mon May  4 18:11:39 UTC 2026
Cache sync 15 at Mon May  4 18:11:39 UTC 2026
Cache sync 16 at Mon May  4 18:11:39 UTC 2026
Cache sync 17 at Mon May  4 18:11:39 UTC 2026
Cache sync 18 at Mon May  4 18:11:39 UTC 2026
Cache sync 19 at Mon May  4 18:11:39 UTC 2026
Cache sync 20 at Mon May  4 18:11:39 UTC 2026
Cache sync 21 at Mon May  4 18:11:39 UTC 2026
Cache sync 22 at Mon May  4 18:11:39 UTC 2026
Cache sync 23 at Mon May  4 18:11:39 UTC 2026
Cache sync 24 at Mon May  4 18:11:39 UTC 2026
Cache sync 25 at Mon May  4 18:11:39 UTC 2026
Cache sync 26 at Mon May  4 18:11:39 UTC 2026
Cache sync 27 at Mon May  4 18:11:39 UTC 2026
Cache sync 28 at Mon May  4 18:11:39 UTC 2026
Cache sync 29 at Mon May  4 18:11:39 UTC 2026
Cache sync 30 at Mon May  4 18:11:39 UTC 2026
Cache sync 31 at Mon May  4 18:11:39 UTC 2026
Cache sync 32 at Mon May  4 18:11:39 UTC 2026
Cache sync 33 at Mon May  4 18:11:39 UTC 2026
Cache sync 34 at Mon May  4 18:11:39 UTC 2026
Cache sync 35 at Mon May  4 18:11:39 UTC 2026
Cache sync 36 at Mon May  4 18:11:39 UTC 2026
Cache sync 37 at Mon May  4 18:11:39 UTC 2026
Cache sync 38 at Mon May  4 18:11:39 UTC 2026
Cache sync 39 at Mon May  4 18:11:39 UTC 2026
Cache sync 40 at Mon May  4 18:11:39 UTC 2026
Cache sync 41 at Mon May  4 18:11:39 UTC 2026
Cache sync 42 at Mon May  4 18:11:39 UTC 2026
Cache sync 43 at Mon May  4 18:11:39 UTC 2026
Cache sync 44 at Mon May  4 18:11:39 UTC 2026
Cache sync 45 at Mon May  4 18:11:39 UTC 2026
Cache sync 46 at Mon May  4 18:11:39 UTC 2026
Cache sync 47 at Mon May  4 18:11:39 UTC 2026
Cache sync 48 at Mon May  4 18:11:39 UTC 2026
Cache sync 49 at Mon May  4 18:11:39 UTC 2026
Cache sync 50 at Mon May  4 18:11:39 UTC 2026
Cache sync 51 at Mon May  4 18:11:39 UTC 2026
Cache sync 52 at Mon May  4 18:11:39 UTC 2026
Cache sync 53 at Mon May  4 18:11:39 UTC 2026
Cache sync 54 at Mon May  4 18:11:39 UTC 2026
Cache sync 55 at Mon May  4 18:11:39 UTC 2026
Cache sync 56 at Mon May  4 18:11:39 UTC 2026
Cache sync 57 at Mon May  4 18:11:39 UTC 2026
Cache sync 58 at Mon May  4 18:11:39 UTC 2026
Cache sync 59 at Mon May  4 18:11:39 UTC 2026
Cache sync 60 at Mon May  4 18:11:39 UTC 2026
Cache sync 61 at Mon May  4 18:11:39 UTC 2026
Cache sync 62 at Mon May  4 18:11:39 UTC 2026
Cache sync 63 at Mon May  4 18:11:39 UTC 2026
Cache sync 64 at Mon May  4 18:11:39 UTC 2026
Cache sync 65 at Mon May  4 18:11:39 UTC 2026
Cache sync 66 at Mon May  4 18:11:39 UTC 2026
Cache sync 67 at Mon May  4 18:11:39 UTC 2026
Cache sync 68 at Mon May  4 18:11:39 UTC 2026
Cache sync 69 at Mon May  4 18:11:39 UTC 2026
Cache sync 70 at Mon May  4 18:11:39 UTC 2026
Cache sync 71 at Mon May  4 18:11:39 UTC 2026
Cache sync 72 at Mon May  4 18:11:39 UTC 2026
Cache sync 73 at Mon May  4 18:11:39 UTC 2026
Cache sync 74 at Mon May  4 18:11:39 UTC 2026
Cache sync 75 at Mon May  4 18:11:39 UTC 2026
Cache sync 1 at Tue May  5 18:07:25 UTC 2026
Cache sync 2 at Tue May  5 18:07:25 UTC 2026
Cache sync 3 at Tue May  5 18:07:25 UTC 2026
Cache sync 4 at Tue May  5 18:07:25 UTC 2026
Cache sync 5 at Tue May  5 18:07:25 UTC 2026
Cache sync 6 at Tue May  5 18:07:25 UTC 2026
Cache sync 7 at Tue May  5 18:07:25 UTC 2026
Cache sync 8 at Tue May  5 18:07:25 UTC 2026
Cache sync 9 at Tue May  5 18:07:25 UTC 2026
Cache sync 10 at Tue May  5 18:07:25 UTC 2026
Cache sync 11 at Tue May  5 18:07:25 UTC 2026
Cache sync 12 at Tue May  5 18:07:25 UTC 2026
Cache sync 13 at Tue May  5 18:07:25 UTC 2026
Cache sync 14 at Tue May  5 18:07:25 UTC 2026
Cache sync 15 at Tue May  5 18:07:25 UTC 2026
Cache sync 16 at Tue May  5 18:07:25 UTC 2026
Cache sync 17 at Tue May  5 18:07:25 UTC 2026
Cache sync 18 at Tue May  5 18:07:25 UTC 2026
Cache sync 19 at Tue May  5 18:07:25 UTC 2026
Cache sync 20 at Tue May  5 18:07:25 UTC 2026
Cache sync 21 at Tue May  5 18:07:25 UTC 2026
Cache sync 22 at Tue May  5 18:07:25 UTC 2026
Cache sync 23 at Tue May  5 18:07:25 UTC 2026
Cache sync 24 at Tue May  5 18:07:25 UTC 2026
Cache sync 25 at Tue May  5 18:07:25 UTC 2026
Cache sync 26 at Tue May  5 18:07:25 UTC 2026
Cache sync 27 at Tue May  5 18:07:25 UTC 2026
Cache sync 28 at Tue May  5 18:07:25 UTC 2026
Cache sync 29 at Tue May  5 18:07:25 UTC 2026
Cache sync 30 at Tue May  5 18:07:25 UTC 2026
Cache sync 31 at Tue May  5 18:07:25 UTC 2026
Cache sync 32 at Tue May  5 18:07:25 UTC 2026
Cache sync 33 at Tue May  5 18:07:25 UTC 2026
Cache sync 34 at Tue May  5 18:07:25 UTC 2026
Cache sync 35 at Tue May  5 18:07:25 UTC 2026
Cache sync 36 at Tue May  5 18:07:25 UTC 2026
Cache sync 37 at Tue May  5 18:07:25 UTC 2026
Cache sync 38 at Tue May  5 18:07:25 UTC 2026
Cache sync 39 at Tue May  5 18:07:25 UTC 2026
Cache sync 40 at Tue May  5 18:07:25 UTC 2026
Cache sync 41 at Tue May  5 18:07:25 UTC 2026
Cache sync 42 at Tue May  5 18:07:25 UTC 2026
Cache sync 43 at Tue May  5 18:07:25 UTC 2026
Cache sync 44 at Tue May  5 18:07:25 UTC 2026
Cache sync 45 at Tue May  5 18:07:25 UTC 2026
Cache sync 46 at Tue May  5 18:07:25 UTC 2026
Cache sync 47 at Tue May  5 18:07:25 UTC 2026
Cache sync 48 at Tue May  5 18:07:25 UTC 2026
Cache sync 49 at Tue May  5 18:07:25 UTC 2026
Cache sync 50 at Tue May  5 18:07:25 UTC 2026
Cache sync 51 at Tue May  5 18:07:25 UTC 2026
Cache sync 52 at Tue May  5 18:07:25 UTC 2026
Cache sync 53 at Tue May  5 18:07:25 UTC 2026
Cache sync 54 at Tue May  5 18:07:25 UTC 2026
Cache sync 55 at Tue May  5 18:07:25 UTC 2026
Cache sync 56 at Tue May  5 18:07:25 UTC 2026
Cache sync 57 at Tue May  5 18:07:25 UTC 2026
Cache sync 58 at Tue May  5 18:07:25 UTC 2026
Cache sync 59 at Tue May  5 18:07:25 UTC 2026
Cache sync 60 at Tue May  5 18:07:25 UTC 2026
Cache sync 61 at Tue May  5 18:07:25 UTC 2026
Cache sync 62 at Tue May  5 18:07:25 UTC 2026
Cache sync 63 at Tue May  5 18:07:25 UTC 2026
Cache sync 64 at Tue May  5 18:07:25 UTC 2026
Cache sync 65 at Tue May  5 18:07:25 UTC 2026
Cache sync 66 at Tue May  5 18:07:25 UTC 2026
Cache sync 67 at Tue May  5 18:07:25 UTC 2026
Cache sync 68 at Tue May  5 18:07:25 UTC 2026
Cache sync 69 at Tue May  5 18:07:25 UTC 2026
Cache sync 70 at Tue May  5 18:07:25 UTC 2026
Cache sync 71 at Tue May  5 18:07:25 UTC 2026
Cache sync 72 at Tue May  5 18:07:25 UTC 2026
Cache sync 73 at Tue May  5 18:07:25 UTC 2026
Cache sync 74 at Tue May  5 18:07:25 UTC 2026
Cache sync 75 at Tue May  5 18:07:25 UTC 2026
Cache sync 76 at Tue May  5 18:07:25 UTC 2026
Cache sync 1 at Wed May  6 18:12:12 UTC 2026
Cache sync 2 at Wed May  6 18:12:12 UTC 2026
Cache sync 3 at Wed May  6 18:12:12 UTC 2026
Cache sync 4 at Wed May  6 18:12:12 UTC 2026
Cache sync 5 at Wed May  6 18:12:12 UTC 2026
Cache sync 6 at Wed May  6 18:12:12 UTC 2026
Cache sync 7 at Wed May  6 18:12:12 UTC 2026
Cache sync 8 at Wed May  6 18:12:12 UTC 2026
Cache sync 9 at Wed May  6 18:12:12 UTC 2026
Cache sync 10 at Wed May  6 18:12:12 UTC 2026
Cache sync 11 at Wed May  6 18:12:12 UTC 2026
Cache sync 12 at Wed May  6 18:12:12 UTC 2026
Cache sync 13 at Wed May  6 18:12:12 UTC 2026
Cache sync 14 at Wed May  6 18:12:12 UTC 2026
Cache sync 15 at Wed May  6 18:12:12 UTC 2026
Cache sync 16 at Wed May  6 18:12:12 UTC 2026
Cache sync 17 at Wed May  6 18:12:12 UTC 2026
Cache sync 18 at Wed May  6 18:12:12 UTC 2026
Cache sync 1 at Thu May  7 18:20:21 UTC 2026
Cache sync 2 at Thu May  7 18:20:21 UTC 2026
Cache sync 3 at Thu May  7 18:20:21 UTC 2026
Cache sync 4 at Thu May  7 18:20:21 UTC 2026
Cache sync 5 at Thu May  7 18:20:21 UTC 2026
Cache sync 6 at Thu May  7 18:20:21 UTC 2026
Cache sync 7 at Thu May  7 18:20:21 UTC 2026
Cache sync 8 at Thu May  7 18:20:21 UTC 2026
Cache sync 9 at Thu May  7 18:20:21 UTC 2026
Cache sync 10 at Thu May  7 18:20:21 UTC 2026
Cache sync 11 at Thu May  7 18:20:21 UTC 2026
Cache sync 12 at Thu May  7 18:20:21 UTC 2026
Cache sync 13 at Thu May  7 18:20:21 UTC 2026
Cache sync 14 at Thu May  7 18:20:21 UTC 2026
Cache sync 15 at Thu May  7 18:20:21 UTC 2026
Cache sync 16 at Thu May  7 18:20:21 UTC 2026
Cache sync 17 at Thu May  7 18:20:21 UTC 2026
Cache sync 18 at Thu May  7 18:20:21 UTC 2026
Cache sync 19 at Thu May  7 18:20:21 UTC 2026
Cache sync 20 at Thu May  7 18:20:21 UTC 2026
Cache sync 21 at Thu May  7 18:20:21 UTC 2026
Cache sync 1 at Fri May  8 18:06:41 UTC 2026
Cache sync 2 at Fri May  8 18:06:41 UTC 2026
Cache sync 3 at Fri May  8 18:06:41 UTC 2026
Cache sync 4 at Fri May  8 18:06:41 UTC 2026
Cache sync 5 at Fri May  8 18:06:41 UTC 2026
Cache sync 6 at Fri May  8 18:06:41 UTC 2026
Cache sync 7 at Fri May  8 18:06:41 UTC 2026
Cache sync 8 at Fri May  8 18:06:41 UTC 2026
Cache sync 9 at Fri May  8 18:06:41 UTC 2026
Cache sync 10 at Fri May  8 18:06:41 UTC 2026
Cache sync 11 at Fri May  8 18:06:41 UTC 2026
Cache sync 12 at Fri May  8 18:06:41 UTC 2026
Cache sync 13 at Fri May  8 18:06:41 UTC 2026
Cache sync 14 at Fri May  8 18:06:41 UTC 2026
Cache sync 15 at Fri May  8 18:06:41 UTC 2026
Cache sync 16 at Fri May  8 18:06:41 UTC 2026
Cache sync 17 at Fri May  8 18:06:41 UTC 2026
Cache sync 18 at Fri May  8 18:06:41 UTC 2026
Cache sync 19 at Fri May  8 18:06:41 UTC 2026
Cache sync 20 at Fri May  8 18:06:41 UTC 2026
Cache sync 21 at Fri May  8 18:06:41 UTC 2026
Cache sync 22 at Fri May  8 18:06:41 UTC 2026
Cache sync 23 at Fri May  8 18:06:41 UTC 2026
Cache sync 24 at Fri May  8 18:06:41 UTC 2026
Cache sync 25 at Fri May  8 18:06:41 UTC 2026
Cache sync 26 at Fri May  8 18:06:41 UTC 2026
Cache sync 27 at Fri May  8 18:06:41 UTC 2026
Cache sync 28 at Fri May  8 18:06:41 UTC 2026
Cache sync 29 at Fri May  8 18:06:41 UTC 2026
Cache sync 1 at Sat May  9 17:44:41 UTC 2026
Cache sync 2 at Sat May  9 17:44:41 UTC 2026
Cache sync 3 at Sat May  9 17:44:41 UTC 2026
Cache sync 4 at Sat May  9 17:44:41 UTC 2026
Cache sync 5 at Sat May  9 17:44:41 UTC 2026
Cache sync 6 at Sat May  9 17:44:41 UTC 2026
Cache sync 7 at Sat May  9 17:44:41 UTC 2026
Cache sync 8 at Sat May  9 17:44:41 UTC 2026
Cache sync 9 at Sat May  9 17:44:41 UTC 2026
Cache sync 10 at Sat May  9 17:44:41 UTC 2026
Cache sync 11 at Sat May  9 17:44:41 UTC 2026
Cache sync 12 at Sat May  9 17:44:41 UTC 2026
Cache sync 13 at Sat May  9 17:44:41 UTC 2026
Cache sync 14 at Sat May  9 17:44:41 UTC 2026
Cache sync 15 at Sat May  9 17:44:41 UTC 2026
Cache sync 16 at Sat May  9 17:44:41 UTC 2026
Cache sync 17 at Sat May  9 17:44:41 UTC 2026
Cache sync 18 at Sat May  9 17:44:41 UTC 2026
Cache sync 19 at Sat May  9 17:44:41 UTC 2026
Cache sync 20 at Sat May  9 17:44:41 UTC 2026
Cache sync 21 at Sat May  9 17:44:41 UTC 2026
Cache sync 22 at Sat May  9 17:44:41 UTC 2026
Cache sync 23 at Sat May  9 17:44:41 UTC 2026
Cache sync 24 at Sat May  9 17:44:41 UTC 2026
Cache sync 25 at Sat May  9 17:44:41 UTC 2026
Cache sync 26 at Sat May  9 17:44:41 UTC 2026
Cache sync 27 at Sat May  9 17:44:41 UTC 2026
Cache sync 28 at Sat May  9 17:44:41 UTC 2026
Cache sync 29 at Sat May  9 17:44:42 UTC 2026
Cache sync 30 at Sat May  9 17:44:42 UTC 2026
Cache sync 31 at Sat May  9 17:44:42 UTC 2026
Cache sync 32 at Sat May  9 17:44:42 UTC 2026
Cache sync 33 at Sat May  9 17:44:42 UTC 2026
Cache sync 34 at Sat May  9 17:44:42 UTC 2026
Cache sync 35 at Sat May  9 17:44:42 UTC 2026
Cache sync 36 at Sat May  9 17:44:42 UTC 2026
Cache sync 37 at Sat May  9 17:44:42 UTC 2026
Cache sync 38 at Sat May  9 17:44:42 UTC 2026
Cache sync 39 at Sat May  9 17:44:42 UTC 2026
Cache sync 40 at Sat May  9 17:44:42 UTC 2026
Cache sync 41 at Sat May  9 17:44:42 UTC 2026
Cache sync 42 at Sat May  9 17:44:42 UTC 2026
Cache sync 43 at Sat May  9 17:44:42 UTC 2026
Cache sync 44 at Sat May  9 17:44:42 UTC 2026
Cache sync 45 at Sat May  9 17:44:42 UTC 2026
Cache sync 46 at Sat May  9 17:44:42 UTC 2026
Cache sync 47 at Sat May  9 17:44:42 UTC 2026
Cache sync 48 at Sat May  9 17:44:42 UTC 2026
Cache sync 49 at Sat May  9 17:44:42 UTC 2026
Cache sync 50 at Sat May  9 17:44:42 UTC 2026
Cache sync 51 at Sat May  9 17:44:42 UTC 2026
Cache sync 52 at Sat May  9 17:44:42 UTC 2026
Cache sync 53 at Sat May  9 17:44:42 UTC 2026
Cache sync 54 at Sat May  9 17:44:42 UTC 2026
Cache sync 55 at Sat May  9 17:44:42 UTC 2026
Cache sync 56 at Sat May  9 17:44:42 UTC 2026
Cache sync 57 at Sat May  9 17:44:42 UTC 2026
Cache sync 58 at Sat May  9 17:44:42 UTC 2026
Cache sync 59 at Sat May  9 17:44:42 UTC 2026
Cache sync 60 at Sat May  9 17:44:42 UTC 2026
Cache sync 61 at Sat May  9 17:44:42 UTC 2026
Cache sync 62 at Sat May  9 17:44:42 UTC 2026
Cache sync 1 at Mon May 11 18:54:30 UTC 2026
Cache sync 2 at Mon May 11 18:54:30 UTC 2026
Cache sync 3 at Mon May 11 18:54:30 UTC 2026
Cache sync 4 at Mon May 11 18:54:30 UTC 2026
Cache sync 5 at Mon May 11 18:54:30 UTC 2026
Cache sync 6 at Mon May 11 18:54:30 UTC 2026
Cache sync 7 at Mon May 11 18:54:30 UTC 2026
Cache sync 8 at Mon May 11 18:54:30 UTC 2026
Cache sync 9 at Mon May 11 18:54:30 UTC 2026
Cache sync 10 at Mon May 11 18:54:30 UTC 2026
Cache sync 11 at Mon May 11 18:54:30 UTC 2026
Cache sync 12 at Mon May 11 18:54:30 UTC 2026
Cache sync 13 at Mon May 11 18:54:30 UTC 2026
Cache sync 14 at Mon May 11 18:54:30 UTC 2026
Cache sync 15 at Mon May 11 18:54:30 UTC 2026
Cache sync 16 at Mon May 11 18:54:30 UTC 2026
Cache sync 17 at Mon May 11 18:54:30 UTC 2026
Cache sync 18 at Mon May 11 18:54:30 UTC 2026
Cache sync 19 at Mon May 11 18:54:30 UTC 2026
Cache sync 20 at Mon May 11 18:54:30 UTC 2026
Cache sync 21 at Mon May 11 18:54:30 UTC 2026
Cache sync 22 at Mon May 11 18:54:30 UTC 2026
Cache sync 23 at Mon May 11 18:54:30 UTC 2026
Cache sync 24 at Mon May 11 18:54:30 UTC 2026
Cache sync 25 at Mon May 11 18:54:30 UTC 2026
Cache sync 26 at Mon May 11 18:54:30 UTC 2026
Cache sync 27 at Mon May 11 18:54:30 UTC 2026
Cache sync 28 at Mon May 11 18:54:30 UTC 2026
Cache sync 29 at Mon May 11 18:54:30 UTC 2026
Cache sync 30 at Mon May 11 18:54:30 UTC 2026
Cache sync 31 at Mon May 11 18:54:30 UTC 2026
Cache sync 1 at Tue May 12 18:53:33 UTC 2026
Cache sync 2 at Tue May 12 18:53:33 UTC 2026
Cache sync 3 at Tue May 12 18:53:33 UTC 2026
Cache sync 4 at Tue May 12 18:53:33 UTC 2026
Cache sync 5 at Tue May 12 18:53:33 UTC 2026
Cache sync 6 at Tue May 12 18:53:33 UTC 2026
Cache sync 7 at Tue May 12 18:53:34 UTC 2026
Cache sync 8 at Tue May 12 18:53:34 UTC 2026
Cache sync 9 at Tue May 12 18:53:34 UTC 2026
Cache sync 10 at Tue May 12 18:53:34 UTC 2026
Cache sync 11 at Tue May 12 18:53:34 UTC 2026
Cache sync 12 at Tue May 12 18:53:34 UTC 2026
Cache sync 13 at Tue May 12 18:53:34 UTC 2026
Cache sync 14 at Tue May 12 18:53:34 UTC 2026
Cache sync 15 at Tue May 12 18:53:34 UTC 2026
Cache sync 16 at Tue May 12 18:53:34 UTC 2026
Cache sync 17 at Tue May 12 18:53:34 UTC 2026
Cache sync 18 at Tue May 12 18:53:34 UTC 2026
Cache sync 19 at Tue May 12 18:53:34 UTC 2026
Cache sync 20 at Tue May 12 18:53:34 UTC 2026
Cache sync 21 at Tue May 12 18:53:34 UTC 2026
Cache sync 22 at Tue May 12 18:53:34 UTC 2026
Cache sync 23 at Tue May 12 18:53:34 UTC 2026
Cache sync 24 at Tue May 12 18:53:34 UTC 2026
Cache sync 25 at Tue May 12 18:53:34 UTC 2026
Cache sync 26 at Tue May 12 18:53:34 UTC 2026
Cache sync 27 at Tue May 12 18:53:34 UTC 2026
Cache sync 28 at Tue May 12 18:53:34 UTC 2026
Cache sync 29 at Tue May 12 18:53:34 UTC 2026
Cache sync 30 at Tue May 12 18:53:34 UTC 2026
Cache sync 31 at Tue May 12 18:53:34 UTC 2026
Cache sync 32 at Tue May 12 18:53:34 UTC 2026
Cache sync 33 at Tue May 12 18:53:34 UTC 2026
Cache sync 34 at Tue May 12 18:53:34 UTC 2026
Cache sync 35 at Tue May 12 18:53:34 UTC 2026
Cache sync 36 at Tue May 12 18:53:34 UTC 2026
Cache sync 37 at Tue May 12 18:53:34 UTC 2026
Cache sync 38 at Tue May 12 18:53:34 UTC 2026
Cache sync 39 at Tue May 12 18:53:34 UTC 2026
Cache sync 40 at Tue May 12 18:53:34 UTC 2026
Cache sync 41 at Tue May 12 18:53:34 UTC 2026
Cache sync 42 at Tue May 12 18:53:34 UTC 2026
Cache sync 43 at Tue May 12 18:53:34 UTC 2026
Cache sync 44 at Tue May 12 18:53:34 UTC 2026
Cache sync 1 at Wed May 13 18:54:20 UTC 2026
Cache sync 2 at Wed May 13 18:54:20 UTC 2026
Cache sync 3 at Wed May 13 18:54:20 UTC 2026
Cache sync 4 at Wed May 13 18:54:20 UTC 2026
Cache sync 5 at Wed May 13 18:54:20 UTC 2026
Cache sync 6 at Wed May 13 18:54:20 UTC 2026
Cache sync 7 at Wed May 13 18:54:20 UTC 2026
Cache sync 8 at Wed May 13 18:54:20 UTC 2026
Cache sync 9 at Wed May 13 18:54:20 UTC 2026
Cache sync 10 at Wed May 13 18:54:20 UTC 2026
Cache sync 11 at Wed May 13 18:54:20 UTC 2026
Cache sync 12 at Wed May 13 18:54:20 UTC 2026
Cache sync 13 at Wed May 13 18:54:20 UTC 2026
Cache sync 14 at Wed May 13 18:54:20 UTC 2026
Cache sync 15 at Wed May 13 18:54:20 UTC 2026
Cache sync 16 at Wed May 13 18:54:20 UTC 2026
Cache sync 17 at Wed May 13 18:54:21 UTC 2026
Cache sync 18 at Wed May 13 18:54:21 UTC 2026
Cache sync 19 at Wed May 13 18:54:21 UTC 2026
Cache sync 20 at Wed May 13 18:54:21 UTC 2026
Cache sync 21 at Wed May 13 18:54:21 UTC 2026
Cache sync 22 at Wed May 13 18:54:21 UTC 2026
Cache sync 23 at Wed May 13 18:54:21 UTC 2026
Cache sync 24 at Wed May 13 18:54:21 UTC 2026
Cache sync 25 at Wed May 13 18:54:21 UTC 2026
Cache sync 26 at Wed May 13 18:54:21 UTC 2026
Cache sync 27 at Wed May 13 18:54:21 UTC 2026
Cache sync 28 at Wed May 13 18:54:21 UTC 2026
Cache sync 29 at Wed May 13 18:54:21 UTC 2026
Cache sync 30 at Wed May 13 18:54:21 UTC 2026
Cache sync 31 at Wed May 13 18:54:21 UTC 2026
Cache sync 32 at Wed May 13 18:54:21 UTC 2026
Cache sync 33 at Wed May 13 18:54:21 UTC 2026
Cache sync 34 at Wed May 13 18:54:21 UTC 2026
Cache sync 35 at Wed May 13 18:54:21 UTC 2026
Cache sync 36 at Wed May 13 18:54:21 UTC 2026
Cache sync 37 at Wed May 13 18:54:21 UTC 2026
Cache sync 38 at Wed May 13 18:54:21 UTC 2026
Cache sync 39 at Wed May 13 18:54:21 UTC 2026
Cache sync 40 at Wed May 13 18:54:21 UTC 2026
Cache sync 41 at Wed May 13 18:54:21 UTC 2026
Cache sync 42 at Wed May 13 18:54:21 UTC 2026
Cache sync 43 at Wed May 13 18:54:21 UTC 2026
Cache sync 44 at Wed May 13 18:54:21 UTC 2026
Cache sync 45 at Wed May 13 18:54:21 UTC 2026
Cache sync 46 at Wed May 13 18:54:21 UTC 2026
Cache sync 47 at Wed May 13 18:54:21 UTC 2026
Cache sync 48 at Wed May 13 18:54:21 UTC 2026
Cache sync 49 at Wed May 13 18:54:21 UTC 2026
Cache sync 50 at Wed May 13 18:54:21 UTC 2026
Cache sync 51 at Wed May 13 18:54:21 UTC 2026
Cache sync 52 at Wed May 13 18:54:21 UTC 2026
Cache sync 53 at Wed May 13 18:54:21 UTC 2026
Cache sync 54 at Wed May 13 18:54:21 UTC 2026
Cache sync 55 at Wed May 13 18:54:21 UTC 2026
Cache sync 56 at Wed May 13 18:54:21 UTC 2026
Cache sync 57 at Wed May 13 18:54:21 UTC 2026
Cache sync 58 at Wed May 13 18:54:21 UTC 2026
Cache sync 59 at Wed May 13 18:54:21 UTC 2026
Cache sync 60 at Wed May 13 18:54:21 UTC 2026
Cache sync 61 at Wed May 13 18:54:21 UTC 2026
Cache sync 62 at Wed May 13 18:54:21 UTC 2026
Cache sync 63 at Wed May 13 18:54:21 UTC 2026
Cache sync 64 at Wed May 13 18:54:21 UTC 2026
Cache sync 65 at Wed May 13 18:54:21 UTC 2026
Cache sync 66 at Wed May 13 18:54:21 UTC 2026
Cache sync 67 at Wed May 13 18:54:21 UTC 2026
Cache sync 68 at Wed May 13 18:54:21 UTC 2026
Cache sync 69 at Wed May 13 18:54:21 UTC 2026
Cache sync 70 at Wed May 13 18:54:21 UTC 2026
Cache sync 71 at Wed May 13 18:54:21 UTC 2026
Cache sync 72 at Wed May 13 18:54:21 UTC 2026
Cache sync 73 at Wed May 13 18:54:21 UTC 2026
Cache sync 74 at Wed May 13 18:54:21 UTC 2026
Cache sync 75 at Wed May 13 18:54:21 UTC 2026
Cache sync 76 at Wed May 13 18:54:21 UTC 2026
Cache sync 77 at Wed May 13 18:54:21 UTC 2026
Cache sync 78 at Wed May 13 18:54:21 UTC 2026
Cache sync 79 at Wed May 13 18:54:21 UTC 2026
Cache sync 80 at Wed May 13 18:54:21 UTC 2026
Cache sync 81 at Wed May 13 18:54:21 UTC 2026
Cache sync 82 at Wed May 13 18:54:21 UTC 2026
Cache sync 83 at Wed May 13 18:54:21 UTC 2026
Cache sync 84 at Wed May 13 18:54:21 UTC 2026
Cache sync 1 at Thu May 14 18:51:21 UTC 2026
Cache sync 2 at Thu May 14 18:51:21 UTC 2026
Cache sync 3 at Thu May 14 18:51:21 UTC 2026
Cache sync 4 at Thu May 14 18:51:21 UTC 2026
Cache sync 5 at Thu May 14 18:51:21 UTC 2026
Cache sync 6 at Thu May 14 18:51:21 UTC 2026
Cache sync 7 at Thu May 14 18:51:21 UTC 2026
Cache sync 8 at Thu May 14 18:51:21 UTC 2026
Cache sync 9 at Thu May 14 18:51:21 UTC 2026
Cache sync 10 at Thu May 14 18:51:21 UTC 2026
Cache sync 11 at Thu May 14 18:51:21 UTC 2026
Cache sync 12 at Thu May 14 18:51:21 UTC 2026
Cache sync 13 at Thu May 14 18:51:21 UTC 2026
Cache sync 14 at Thu May 14 18:51:21 UTC 2026
Cache sync 15 at Thu May 14 18:51:21 UTC 2026
Cache sync 16 at Thu May 14 18:51:21 UTC 2026
Cache sync 17 at Thu May 14 18:51:21 UTC 2026
Cache sync 18 at Thu May 14 18:51:21 UTC 2026
Cache sync 19 at Thu May 14 18:51:21 UTC 2026
Cache sync 20 at Thu May 14 18:51:21 UTC 2026
Cache sync 21 at Thu May 14 18:51:21 UTC 2026
Cache sync 22 at Thu May 14 18:51:22 UTC 2026
Cache sync 23 at Thu May 14 18:51:22 UTC 2026
Cache sync 24 at Thu May 14 18:51:22 UTC 2026
Cache sync 25 at Thu May 14 18:51:22 UTC 2026
Cache sync 26 at Thu May 14 18:51:22 UTC 2026
Cache sync 27 at Thu May 14 18:51:22 UTC 2026
Cache sync 28 at Thu May 14 18:51:22 UTC 2026
Cache sync 29 at Thu May 14 18:51:22 UTC 2026
Cache sync 30 at Thu May 14 18:51:22 UTC 2026
Cache sync 31 at Thu May 14 18:51:22 UTC 2026
Cache sync 32 at Thu May 14 18:51:22 UTC 2026
Cache sync 33 at Thu May 14 18:51:22 UTC 2026
Cache sync 34 at Thu May 14 18:51:22 UTC 2026
Cache sync 35 at Thu May 14 18:51:22 UTC 2026
Cache sync 36 at Thu May 14 18:51:22 UTC 2026
Cache sync 37 at Thu May 14 18:51:22 UTC 2026
Cache sync 38 at Thu May 14 18:51:22 UTC 2026
Cache sync 39 at Thu May 14 18:51:22 UTC 2026
Cache sync 40 at Thu May 14 18:51:22 UTC 2026
Cache sync 41 at Thu May 14 18:51:22 UTC 2026
Cache sync 42 at Thu May 14 18:51:22 UTC 2026
Cache sync 43 at Thu May 14 18:51:22 UTC 2026
Cache sync 44 at Thu May 14 18:51:22 UTC 2026
Cache sync 45 at Thu May 14 18:51:22 UTC 2026
Cache sync 46 at Thu May 14 18:51:22 UTC 2026
Cache sync 47 at Thu May 14 18:51:22 UTC 2026
Cache sync 48 at Thu May 14 18:51:22 UTC 2026
Cache sync 49 at Thu May 14 18:51:22 UTC 2026
Cache sync 50 at Thu May 14 18:51:22 UTC 2026
Cache sync 51 at Thu May 14 18:51:22 UTC 2026
Cache sync 52 at Thu May 14 18:51:22 UTC 2026
Cache sync 53 at Thu May 14 18:51:22 UTC 2026
Cache sync 54 at Thu May 14 18:51:22 UTC 2026
Cache sync 55 at Thu May 14 18:51:22 UTC 2026
Cache sync 56 at Thu May 14 18:51:22 UTC 2026
Cache sync 57 at Thu May 14 18:51:22 UTC 2026
Cache sync 58 at Thu May 14 18:51:22 UTC 2026
Cache sync 59 at Thu May 14 18:51:22 UTC 2026
Cache sync 60 at Thu May 14 18:51:22 UTC 2026
Cache sync 61 at Thu May 14 18:51:22 UTC 2026
Cache sync 62 at Thu May 14 18:51:22 UTC 2026
Cache sync 63 at Thu May 14 18:51:22 UTC 2026
Cache sync 64 at Thu May 14 18:51:22 UTC 2026
Cache sync 65 at Thu May 14 18:51:22 UTC 2026
Cache sync 66 at Thu May 14 18:51:22 UTC 2026
Cache sync 67 at Thu May 14 18:51:22 UTC 2026
Cache sync 68 at Thu May 14 18:51:22 UTC 2026
Cache sync 69 at Thu May 14 18:51:22 UTC 2026
Cache sync 70 at Thu May 14 18:51:22 UTC 2026
Cache sync 71 at Thu May 14 18:51:22 UTC 2026
Cache sync 72 at Thu May 14 18:51:22 UTC 2026
Cache sync 73 at Thu May 14 18:51:22 UTC 2026
Cache sync 74 at Thu May 14 18:51:22 UTC 2026
Cache sync 75 at Thu May 14 18:51:22 UTC 2026
Cache sync 76 at Thu May 14 18:51:22 UTC 2026
Cache sync 77 at Thu May 14 18:51:22 UTC 2026
Cache sync 78 at Thu May 14 18:51:22 UTC 2026
Cache sync 79 at Thu May 14 18:51:22 UTC 2026
Cache sync 80 at Thu May 14 18:51:22 UTC 2026
Cache sync 81 at Thu May 14 18:51:22 UTC 2026
Cache sync 82 at Thu May 14 18:51:22 UTC 2026
Cache sync 83 at Thu May 14 18:51:22 UTC 2026
Cache sync 84 at Thu May 14 18:51:22 UTC 2026
Cache sync 1 at Sat May 16 17:52:57 UTC 2026
Cache sync 2 at Sat May 16 17:52:57 UTC 2026
Cache sync 3 at Sat May 16 17:52:57 UTC 2026
Cache sync 4 at Sat May 16 17:52:57 UTC 2026
Cache sync 5 at Sat May 16 17:52:57 UTC 2026
Cache sync 6 at Sat May 16 17:52:57 UTC 2026
Cache sync 7 at Sat May 16 17:52:57 UTC 2026
Cache sync 8 at Sat May 16 17:52:57 UTC 2026
Cache sync 9 at Sat May 16 17:52:57 UTC 2026
Cache sync 10 at Sat May 16 17:52:57 UTC 2026
Cache sync 11 at Sat May 16 17:52:57 UTC 2026
Cache sync 12 at Sat May 16 17:52:57 UTC 2026
Cache sync 13 at Sat May 16 17:52:57 UTC 2026
Cache sync 14 at Sat May 16 17:52:57 UTC 2026
Cache sync 15 at Sat May 16 17:52:57 UTC 2026
Cache sync 16 at Sat May 16 17:52:57 UTC 2026
Cache sync 17 at Sat May 16 17:52:57 UTC 2026
Cache sync 18 at Sat May 16 17:52:57 UTC 2026
Cache sync 19 at Sat May 16 17:52:57 UTC 2026
Cache sync 20 at Sat May 16 17:52:57 UTC 2026
Cache sync 21 at Sat May 16 17:52:57 UTC 2026
Cache sync 22 at Sat May 16 17:52:57 UTC 2026
Cache sync 23 at Sat May 16 17:52:57 UTC 2026
Cache sync 24 at Sat May 16 17:52:57 UTC 2026
Cache sync 25 at Sat May 16 17:52:57 UTC 2026
Cache sync 26 at Sat May 16 17:52:57 UTC 2026
Cache sync 27 at Sat May 16 17:52:57 UTC 2026
Cache sync 28 at Sat May 16 17:52:57 UTC 2026
Cache sync 29 at Sat May 16 17:52:57 UTC 2026
Cache sync 30 at Sat May 16 17:52:57 UTC 2026
Cache sync 31 at Sat May 16 17:52:57 UTC 2026
Cache sync 32 at Sat May 16 17:52:57 UTC 2026
Cache sync 33 at Sat May 16 17:52:57 UTC 2026
Cache sync 34 at Sat May 16 17:52:57 UTC 2026
Cache sync 35 at Sat May 16 17:52:57 UTC 2026
Cache sync 36 at Sat May 16 17:52:57 UTC 2026
Cache sync 37 at Sat May 16 17:52:57 UTC 2026
Cache sync 1 at Sun May 17 17:54:51 UTC 2026
Cache sync 2 at Sun May 17 17:54:51 UTC 2026
Cache sync 3 at Sun May 17 17:54:51 UTC 2026
Cache sync 4 at Sun May 17 17:54:51 UTC 2026
Cache sync 5 at Sun May 17 17:54:51 UTC 2026
Cache sync 6 at Sun May 17 17:54:51 UTC 2026
Cache sync 7 at Sun May 17 17:54:51 UTC 2026
Cache sync 8 at Sun May 17 17:54:51 UTC 2026
Cache sync 9 at Sun May 17 17:54:51 UTC 2026
Cache sync 10 at Sun May 17 17:54:51 UTC 2026
Cache sync 11 at Sun May 17 17:54:51 UTC 2026
Cache sync 12 at Sun May 17 17:54:51 UTC 2026
Cache sync 13 at Sun May 17 17:54:51 UTC 2026
Cache sync 14 at Sun May 17 17:54:51 UTC 2026
Cache sync 15 at Sun May 17 17:54:51 UTC 2026
Cache sync 16 at Sun May 17 17:54:51 UTC 2026
Cache sync 17 at Sun May 17 17:54:51 UTC 2026
Cache sync 18 at Sun May 17 17:54:51 UTC 2026
Cache sync 19 at Sun May 17 17:54:51 UTC 2026
Cache sync 20 at Sun May 17 17:54:51 UTC 2026
Cache sync 21 at Sun May 17 17:54:51 UTC 2026
Cache sync 22 at Sun May 17 17:54:51 UTC 2026
Cache sync 23 at Sun May 17 17:54:51 UTC 2026
Cache sync 24 at Sun May 17 17:54:51 UTC 2026
Cache sync 25 at Sun May 17 17:54:51 UTC 2026
Cache sync 26 at Sun May 17 17:54:51 UTC 2026
Cache sync 27 at Sun May 17 17:54:51 UTC 2026
Cache sync 28 at Sun May 17 17:54:51 UTC 2026
Cache sync 29 at Sun May 17 17:54:51 UTC 2026
Cache sync 30 at Sun May 17 17:54:51 UTC 2026
Cache sync 31 at Sun May 17 17:54:51 UTC 2026
Cache sync 32 at Sun May 17 17:54:51 UTC 2026
Cache sync 33 at Sun May 17 17:54:51 UTC 2026
Cache sync 34 at Sun May 17 17:54:51 UTC 2026
Cache sync 35 at Sun May 17 17:54:52 UTC 2026
Cache sync 36 at Sun May 17 17:54:52 UTC 2026
Cache sync 37 at Sun May 17 17:54:52 UTC 2026
Cache sync 38 at Sun May 17 17:54:52 UTC 2026
Cache sync 39 at Sun May 17 17:54:52 UTC 2026
Cache sync 40 at Sun May 17 17:54:52 UTC 2026
Cache sync 41 at Sun May 17 17:54:52 UTC 2026
Cache sync 42 at Sun May 17 17:54:52 UTC 2026
Cache sync 43 at Sun May 17 17:54:52 UTC 2026
Cache sync 44 at Sun May 17 17:54:52 UTC 2026
Cache sync 45 at Sun May 17 17:54:52 UTC 2026
Cache sync 46 at Sun May 17 17:54:52 UTC 2026
Cache sync 47 at Sun May 17 17:54:52 UTC 2026
Cache sync 48 at Sun May 17 17:54:52 UTC 2026
Cache sync 49 at Sun May 17 17:54:52 UTC 2026
Cache sync 50 at Sun May 17 17:54:52 UTC 2026
Cache sync 51 at Sun May 17 17:54:52 UTC 2026
Cache sync 52 at Sun May 17 17:54:52 UTC 2026
Cache sync 53 at Sun May 17 17:54:52 UTC 2026
Cache sync 54 at Sun May 17 17:54:52 UTC 2026
Cache sync 55 at Sun May 17 17:54:52 UTC 2026
Cache sync 56 at Sun May 17 17:54:52 UTC 2026
Cache sync 57 at Sun May 17 17:54:52 UTC 2026
Cache sync 58 at Sun May 17 17:54:52 UTC 2026
Cache sync 59 at Sun May 17 17:54:52 UTC 2026
Cache sync 60 at Sun May 17 17:54:52 UTC 2026
Cache sync 61 at Sun May 17 17:54:52 UTC 2026
Cache sync 1 at Mon May 18 18:28:40 UTC 2026
Cache sync 2 at Mon May 18 18:28:40 UTC 2026
Cache sync 3 at Mon May 18 18:28:40 UTC 2026
Cache sync 4 at Mon May 18 18:28:40 UTC 2026
Cache sync 5 at Mon May 18 18:28:40 UTC 2026
Cache sync 6 at Mon May 18 18:28:40 UTC 2026
Cache sync 7 at Mon May 18 18:28:40 UTC 2026
Cache sync 8 at Mon May 18 18:28:40 UTC 2026
Cache sync 9 at Mon May 18 18:28:40 UTC 2026
Cache sync 10 at Mon May 18 18:28:40 UTC 2026
Cache sync 11 at Mon May 18 18:28:40 UTC 2026
Cache sync 12 at Mon May 18 18:28:40 UTC 2026
Cache sync 13 at Mon May 18 18:28:40 UTC 2026
Cache sync 14 at Mon May 18 18:28:40 UTC 2026
Cache sync 15 at Mon May 18 18:28:40 UTC 2026
Cache sync 16 at Mon May 18 18:28:40 UTC 2026
Cache sync 17 at Mon May 18 18:28:40 UTC 2026
Cache sync 18 at Mon May 18 18:28:40 UTC 2026
Cache sync 19 at Mon May 18 18:28:40 UTC 2026
Cache sync 20 at Mon May 18 18:28:40 UTC 2026
Cache sync 21 at Mon May 18 18:28:40 UTC 2026
Cache sync 22 at Mon May 18 18:28:40 UTC 2026
Cache sync 23 at Mon May 18 18:28:40 UTC 2026
Cache sync 24 at Mon May 18 18:28:40 UTC 2026
Cache sync 25 at Mon May 18 18:28:40 UTC 2026
Cache sync 1 at Tue May 19 18:56:45 UTC 2026
Cache sync 2 at Tue May 19 18:56:45 UTC 2026
Cache sync 3 at Tue May 19 18:56:45 UTC 2026
Cache sync 4 at Tue May 19 18:56:45 UTC 2026
Cache sync 5 at Tue May 19 18:56:45 UTC 2026
Cache sync 6 at Tue May 19 18:56:45 UTC 2026
Cache sync 7 at Tue May 19 18:56:45 UTC 2026
Cache sync 8 at Tue May 19 18:56:45 UTC 2026
Cache sync 9 at Tue May 19 18:56:45 UTC 2026
Cache sync 10 at Tue May 19 18:56:45 UTC 2026
Cache sync 11 at Tue May 19 18:56:45 UTC 2026
Cache sync 12 at Tue May 19 18:56:45 UTC 2026
Cache sync 13 at Tue May 19 18:56:45 UTC 2026
Cache sync 1 at Wed May 20 19:21:12 UTC 2026
Cache sync 2 at Wed May 20 19:21:12 UTC 2026
Cache sync 3 at Wed May 20 19:21:12 UTC 2026
Cache sync 4 at Wed May 20 19:21:12 UTC 2026
Cache sync 5 at Wed May 20 19:21:12 UTC 2026
Cache sync 6 at Wed May 20 19:21:12 UTC 2026
Cache sync 7 at Wed May 20 19:21:12 UTC 2026
Cache sync 8 at Wed May 20 19:21:12 UTC 2026
Cache sync 9 at Wed May 20 19:21:12 UTC 2026
Cache sync 10 at Wed May 20 19:21:12 UTC 2026
Cache sync 11 at Wed May 20 19:21:12 UTC 2026
Cache sync 12 at Wed May 20 19:21:12 UTC 2026
Cache sync 13 at Wed May 20 19:21:12 UTC 2026
Cache sync 14 at Wed May 20 19:21:12 UTC 2026
Cache sync 15 at Wed May 20 19:21:12 UTC 2026
Cache sync 16 at Wed May 20 19:21:12 UTC 2026
Cache sync 17 at Wed May 20 19:21:12 UTC 2026
Cache sync 18 at Wed May 20 19:21:12 UTC 2026
Cache sync 19 at Wed May 20 19:21:12 UTC 2026
Cache sync 20 at Wed May 20 19:21:12 UTC 2026
Cache sync 21 at Wed May 20 19:21:12 UTC 2026
Cache sync 22 at Wed May 20 19:21:12 UTC 2026
Cache sync 23 at Wed May 20 19:21:12 UTC 2026
Cache sync 24 at Wed May 20 19:21:12 UTC 2026
Cache sync 25 at Wed May 20 19:21:12 UTC 2026
Cache sync 26 at Wed May 20 19:21:12 UTC 2026
Cache sync 27 at Wed May 20 19:21:12 UTC 2026
Cache sync 28 at Wed May 20 19:21:12 UTC 2026
Cache sync 29 at Wed May 20 19:21:12 UTC 2026
Cache sync 30 at Wed May 20 19:21:12 UTC 2026
Cache sync 31 at Wed May 20 19:21:12 UTC 2026
Cache sync 32 at Wed May 20 19:21:12 UTC 2026
Cache sync 33 at Wed May 20 19:21:12 UTC 2026
Cache sync 34 at Wed May 20 19:21:12 UTC 2026
Cache sync 35 at Wed May 20 19:21:12 UTC 2026
Cache sync 36 at Wed May 20 19:21:12 UTC 2026
Cache sync 37 at Wed May 20 19:21:12 UTC 2026
Cache sync 38 at Wed May 20 19:21:12 UTC 2026
Cache sync 39 at Wed May 20 19:21:12 UTC 2026
Cache sync 40 at Wed May 20 19:21:12 UTC 2026
Cache sync 41 at Wed May 20 19:21:12 UTC 2026
Cache sync 42 at Wed May 20 19:21:12 UTC 2026
Cache sync 43 at Wed May 20 19:21:12 UTC 2026
Cache sync 44 at Wed May 20 19:21:12 UTC 2026
Cache sync 45 at Wed May 20 19:21:12 UTC 2026
Cache sync 46 at Wed May 20 19:21:12 UTC 2026
Cache sync 47 at Wed May 20 19:21:12 UTC 2026
Cache sync 48 at Wed May 20 19:21:12 UTC 2026
Cache sync 49 at Wed May 20 19:21:12 UTC 2026
Cache sync 50 at Wed May 20 19:21:12 UTC 2026
Cache sync 51 at Wed May 20 19:21:12 UTC 2026
Cache sync 52 at Wed May 20 19:21:12 UTC 2026
Cache sync 53 at Wed May 20 19:21:12 UTC 2026
Cache sync 54 at Wed May 20 19:21:12 UTC 2026
Cache sync 55 at Wed May 20 19:21:12 UTC 2026
Cache sync 56 at Wed May 20 19:21:12 UTC 2026
Cache sync 57 at Wed May 20 19:21:12 UTC 2026
Cache sync 58 at Wed May 20 19:21:12 UTC 2026
Cache sync 59 at Wed May 20 19:21:12 UTC 2026
Cache sync 60 at Wed May 20 19:21:12 UTC 2026
Cache sync 61 at Wed May 20 19:21:12 UTC 2026
Cache sync 1 at Thu May 21 19:01:26 UTC 2026
Cache sync 2 at Thu May 21 19:01:26 UTC 2026
Cache sync 3 at Thu May 21 19:01:26 UTC 2026
Cache sync 4 at Thu May 21 19:01:26 UTC 2026
Cache sync 5 at Thu May 21 19:01:26 UTC 2026
Cache sync 6 at Thu May 21 19:01:26 UTC 2026
Cache sync 7 at Thu May 21 19:01:26 UTC 2026
Cache sync 8 at Thu May 21 19:01:26 UTC 2026
Cache sync 9 at Thu May 21 19:01:26 UTC 2026
Cache sync 10 at Thu May 21 19:01:26 UTC 2026
Cache sync 11 at Thu May 21 19:01:26 UTC 2026
Cache sync 12 at Thu May 21 19:01:26 UTC 2026
Cache sync 13 at Thu May 21 19:01:26 UTC 2026
Cache sync 14 at Thu May 21 19:01:26 UTC 2026
Cache sync 15 at Thu May 21 19:01:26 UTC 2026
Cache sync 16 at Thu May 21 19:01:26 UTC 2026
Cache sync 17 at Thu May 21 19:01:26 UTC 2026
Cache sync 18 at Thu May 21 19:01:26 UTC 2026
Cache sync 19 at Thu May 21 19:01:26 UTC 2026
Cache sync 20 at Thu May 21 19:01:26 UTC 2026
Cache sync 21 at Thu May 21 19:01:26 UTC 2026
Cache sync 22 at Thu May 21 19:01:26 UTC 2026
Cache sync 23 at Thu May 21 19:01:26 UTC 2026
Cache sync 24 at Thu May 21 19:01:26 UTC 2026
Cache sync 25 at Thu May 21 19:01:26 UTC 2026
Cache sync 26 at Thu May 21 19:01:26 UTC 2026
Cache sync 27 at Thu May 21 19:01:26 UTC 2026
Cache sync 28 at Thu May 21 19:01:26 UTC 2026
Cache sync 29 at Thu May 21 19:01:26 UTC 2026
Cache sync 30 at Thu May 21 19:01:26 UTC 2026
Cache sync 31 at Thu May 21 19:01:26 UTC 2026
Cache sync 32 at Thu May 21 19:01:26 UTC 2026
Cache sync 33 at Thu May 21 19:01:26 UTC 2026
Cache sync 34 at Thu May 21 19:01:26 UTC 2026
Cache sync 35 at Thu May 21 19:01:26 UTC 2026
Cache sync 36 at Thu May 21 19:01:26 UTC 2026
Cache sync 37 at Thu May 21 19:01:26 UTC 2026
Cache sync 38 at Thu May 21 19:01:26 UTC 2026
Cache sync 39 at Thu May 21 19:01:26 UTC 2026
Cache sync 40 at Thu May 21 19:01:26 UTC 2026
Cache sync 41 at Thu May 21 19:01:26 UTC 2026
Cache sync 42 at Thu May 21 19:01:26 UTC 2026
Cache sync 43 at Thu May 21 19:01:26 UTC 2026
Cache sync 44 at Thu May 21 19:01:26 UTC 2026
Cache sync 45 at Thu May 21 19:01:26 UTC 2026
Cache sync 46 at Thu May 21 19:01:26 UTC 2026
Cache sync 47 at Thu May 21 19:01:26 UTC 2026
Cache sync 48 at Thu May 21 19:01:26 UTC 2026
Cache sync 49 at Thu May 21 19:01:26 UTC 2026
Cache sync 50 at Thu May 21 19:01:26 UTC 2026
Cache sync 51 at Thu May 21 19:01:26 UTC 2026
Cache sync 1 at Fri May 22 18:51:01 UTC 2026
Cache sync 2 at Fri May 22 18:51:01 UTC 2026
Cache sync 3 at Fri May 22 18:51:01 UTC 2026
Cache sync 4 at Fri May 22 18:51:01 UTC 2026
Cache sync 5 at Fri May 22 18:51:01 UTC 2026
Cache sync 6 at Fri May 22 18:51:01 UTC 2026
Cache sync 7 at Fri May 22 18:51:01 UTC 2026
Cache sync 8 at Fri May 22 18:51:01 UTC 2026
Cache sync 9 at Fri May 22 18:51:01 UTC 2026
Cache sync 10 at Fri May 22 18:51:01 UTC 2026
Cache sync 11 at Fri May 22 18:51:01 UTC 2026
Cache sync 12 at Fri May 22 18:51:01 UTC 2026
Cache sync 13 at Fri May 22 18:51:01 UTC 2026
Cache sync 14 at Fri May 22 18:51:01 UTC 2026
Cache sync 15 at Fri May 22 18:51:01 UTC 2026
Cache sync 16 at Fri May 22 18:51:01 UTC 2026
Cache sync 1 at Sat May 23 17:57:42 UTC 2026
Cache sync 2 at Sat May 23 17:57:42 UTC 2026
Cache sync 3 at Sat May 23 17:57:42 UTC 2026
Cache sync 4 at Sat May 23 17:57:42 UTC 2026
Cache sync 5 at Sat May 23 17:57:43 UTC 2026
Cache sync 6 at Sat May 23 17:57:43 UTC 2026
Cache sync 7 at Sat May 23 17:57:43 UTC 2026
Cache sync 8 at Sat May 23 17:57:43 UTC 2026
Cache sync 9 at Sat May 23 17:57:43 UTC 2026
Cache sync 10 at Sat May 23 17:57:43 UTC 2026
Cache sync 11 at Sat May 23 17:57:43 UTC 2026
Cache sync 12 at Sat May 23 17:57:43 UTC 2026
Cache sync 13 at Sat May 23 17:57:43 UTC 2026
Cache sync 14 at Sat May 23 17:57:43 UTC 2026
Cache sync 15 at Sat May 23 17:57:43 UTC 2026
Cache sync 16 at Sat May 23 17:57:43 UTC 2026
Cache sync 17 at Sat May 23 17:57:43 UTC 2026
Cache sync 18 at Sat May 23 17:57:43 UTC 2026
Cache sync 19 at Sat May 23 17:57:43 UTC 2026
Cache sync 20 at Sat May 23 17:57:43 UTC 2026
Cache sync 21 at Sat May 23 17:57:43 UTC 2026
Cache sync 22 at Sat May 23 17:57:43 UTC 2026
Cache sync 23 at Sat May 23 17:57:43 UTC 2026
Cache sync 24 at Sat May 23 17:57:43 UTC 2026
Cache sync 25 at Sat May 23 17:57:43 UTC 2026
Cache sync 26 at Sat May 23 17:57:43 UTC 2026
Cache sync 27 at Sat May 23 17:57:43 UTC 2026
Cache sync 28 at Sat May 23 17:57:43 UTC 2026
Cache sync 29 at Sat May 23 17:57:43 UTC 2026
Cache sync 30 at Sat May 23 17:57:43 UTC 2026
Cache sync 31 at Sat May 23 17:57:43 UTC 2026
Cache sync 32 at Sat May 23 17:57:43 UTC 2026
Cache sync 33 at Sat May 23 17:57:43 UTC 2026
Cache sync 34 at Sat May 23 17:57:43 UTC 2026
Cache sync 35 at Sat May 23 17:57:43 UTC 2026
Cache sync 36 at Sat May 23 17:57:43 UTC 2026
Cache sync 37 at Sat May 23 17:57:43 UTC 2026
Cache sync 38 at Sat May 23 17:57:43 UTC 2026
Cache sync 39 at Sat May 23 17:57:43 UTC 2026
Cache sync 40 at Sat May 23 17:57:43 UTC 2026
Cache sync 41 at Sat May 23 17:57:43 UTC 2026
Cache sync 42 at Sat May 23 17:57:43 UTC 2026
Cache sync 43 at Sat May 23 17:57:43 UTC 2026
Cache sync 44 at Sat May 23 17:57:43 UTC 2026
Cache sync 45 at Sat May 23 17:57:43 UTC 2026
Cache sync 46 at Sat May 23 17:57:43 UTC 2026
Cache sync 47 at Sat May 23 17:57:43 UTC 2026
Cache sync 48 at Sat May 23 17:57:43 UTC 2026
Cache sync 49 at Sat May 23 17:57:43 UTC 2026
Cache sync 50 at Sat May 23 17:57:43 UTC 2026
Cache sync 51 at Sat May 23 17:57:43 UTC 2026
Cache sync 52 at Sat May 23 17:57:43 UTC 2026
Cache sync 53 at Sat May 23 17:57:43 UTC 2026
Cache sync 54 at Sat May 23 17:57:43 UTC 2026
Cache sync 55 at Sat May 23 17:57:43 UTC 2026
Cache sync 56 at Sat May 23 17:57:43 UTC 2026
Cache sync 57 at Sat May 23 17:57:43 UTC 2026
Cache sync 1 at Sun May 24 17:55:58 UTC 2026
Cache sync 2 at Sun May 24 17:55:58 UTC 2026
Cache sync 3 at Sun May 24 17:55:58 UTC 2026
Cache sync 4 at Sun May 24 17:55:58 UTC 2026
Cache sync 5 at Sun May 24 17:55:58 UTC 2026
Cache sync 6 at Sun May 24 17:55:58 UTC 2026
Cache sync 7 at Sun May 24 17:55:58 UTC 2026
Cache sync 8 at Sun May 24 17:55:58 UTC 2026
Cache sync 9 at Sun May 24 17:55:58 UTC 2026
Cache sync 10 at Sun May 24 17:55:58 UTC 2026
Cache sync 11 at Sun May 24 17:55:58 UTC 2026
Cache sync 12 at Sun May 24 17:55:58 UTC 2026
Cache sync 1 at Mon May 25 18:23:05 UTC 2026
Cache sync 2 at Mon May 25 18:23:05 UTC 2026
Cache sync 3 at Mon May 25 18:23:05 UTC 2026
Cache sync 4 at Mon May 25 18:23:05 UTC 2026
Cache sync 5 at Mon May 25 18:23:05 UTC 2026
Cache sync 6 at Mon May 25 18:23:05 UTC 2026
Cache sync 7 at Mon May 25 18:23:05 UTC 2026
Cache sync 8 at Mon May 25 18:23:05 UTC 2026
Cache sync 9 at Mon May 25 18:23:05 UTC 2026
Cache sync 10 at Mon May 25 18:23:05 UTC 2026
Cache sync 11 at Mon May 25 18:23:05 UTC 2026
Cache sync 12 at Mon May 25 18:23:05 UTC 2026
Cache sync 13 at Mon May 25 18:23:05 UTC 2026
Cache sync 14 at Mon May 25 18:23:05 UTC 2026
Cache sync 15 at Mon May 25 18:23:05 UTC 2026
Cache sync 16 at Mon May 25 18:23:05 UTC 2026
Cache sync 17 at Mon May 25 18:23:05 UTC 2026
Cache sync 18 at Mon May 25 18:23:05 UTC 2026
Cache sync 19 at Mon May 25 18:23:05 UTC 2026
Cache sync 20 at Mon May 25 18:23:05 UTC 2026
Cache sync 21 at Mon May 25 18:23:05 UTC 2026
Cache sync 22 at Mon May 25 18:23:05 UTC 2026
Cache sync 23 at Mon May 25 18:23:05 UTC 2026
Cache sync 24 at Mon May 25 18:23:05 UTC 2026
Cache sync 25 at Mon May 25 18:23:05 UTC 2026
Cache sync 26 at Mon May 25 18:23:05 UTC 2026
Cache sync 27 at Mon May 25 18:23:05 UTC 2026
Cache sync 28 at Mon May 25 18:23:05 UTC 2026
Cache sync 29 at Mon May 25 18:23:05 UTC 2026
Cache sync 30 at Mon May 25 18:23:05 UTC 2026
Cache sync 31 at Mon May 25 18:23:05 UTC 2026
Cache sync 32 at Mon May 25 18:23:05 UTC 2026
Cache sync 33 at Mon May 25 18:23:05 UTC 2026
Cache sync 34 at Mon May 25 18:23:05 UTC 2026
Cache sync 35 at Mon May 25 18:23:05 UTC 2026
Cache sync 36 at Mon May 25 18:23:05 UTC 2026
Cache sync 37 at Mon May 25 18:23:05 UTC 2026
Cache sync 38 at Mon May 25 18:23:05 UTC 2026
Cache sync 39 at Mon May 25 18:23:05 UTC 2026
Cache sync 40 at Mon May 25 18:23:05 UTC 2026
Cache sync 41 at Mon May 25 18:23:05 UTC 2026
Cache sync 42 at Mon May 25 18:23:05 UTC 2026
Cache sync 43 at Mon May 25 18:23:05 UTC 2026
Cache sync 44 at Mon May 25 18:23:05 UTC 2026
Cache sync 45 at Mon May 25 18:23:05 UTC 2026
Cache sync 46 at Mon May 25 18:23:05 UTC 2026
Cache sync 47 at Mon May 25 18:23:05 UTC 2026
Cache sync 48 at Mon May 25 18:23:05 UTC 2026
Cache sync 49 at Mon May 25 18:23:05 UTC 2026
Cache sync 50 at Mon May 25 18:23:05 UTC 2026
Cache sync 51 at Mon May 25 18:23:05 UTC 2026
Cache sync 52 at Mon May 25 18:23:05 UTC 2026
Cache sync 53 at Mon May 25 18:23:05 UTC 2026
Cache sync 54 at Mon May 25 18:23:05 UTC 2026
Cache sync 55 at Mon May 25 18:23:05 UTC 2026
Cache sync 56 at Mon May 25 18:23:05 UTC 2026
Cache sync 1 at Tue May 26 19:14:21 UTC 2026
Cache sync 2 at Tue May 26 19:14:21 UTC 2026
Cache sync 3 at Tue May 26 19:14:21 UTC 2026
Cache sync 4 at Tue May 26 19:14:21 UTC 2026
Cache sync 5 at Tue May 26 19:14:21 UTC 2026
Cache sync 6 at Tue May 26 19:14:21 UTC 2026
Cache sync 7 at Tue May 26 19:14:21 UTC 2026
Cache sync 8 at Tue May 26 19:14:21 UTC 2026
Cache sync 9 at Tue May 26 19:14:21 UTC 2026
Cache sync 10 at Tue May 26 19:14:21 UTC 2026
Cache sync 11 at Tue May 26 19:14:21 UTC 2026
Cache sync 12 at Tue May 26 19:14:21 UTC 2026
Cache sync 13 at Tue May 26 19:14:21 UTC 2026
Cache sync 14 at Tue May 26 19:14:21 UTC 2026
Cache sync 15 at Tue May 26 19:14:21 UTC 2026
Cache sync 16 at Tue May 26 19:14:21 UTC 2026
Cache sync 17 at Tue May 26 19:14:21 UTC 2026
Cache sync 18 at Tue May 26 19:14:21 UTC 2026
Cache sync 19 at Tue May 26 19:14:21 UTC 2026
Cache sync 20 at Tue May 26 19:14:21 UTC 2026
Cache sync 21 at Tue May 26 19:14:21 UTC 2026
Cache sync 22 at Tue May 26 19:14:21 UTC 2026
Cache sync 23 at Tue May 26 19:14:21 UTC 2026
Cache sync 24 at Tue May 26 19:14:21 UTC 2026
Cache sync 25 at Tue May 26 19:14:21 UTC 2026
Cache sync 26 at Tue May 26 19:14:21 UTC 2026
Cache sync 27 at Tue May 26 19:14:21 UTC 2026
Cache sync 28 at Tue May 26 19:14:21 UTC 2026
Cache sync 29 at Tue May 26 19:14:21 UTC 2026
Cache sync 30 at Tue May 26 19:14:21 UTC 2026
Cache sync 31 at Tue May 26 19:14:21 UTC 2026
Cache sync 32 at Tue May 26 19:14:21 UTC 2026
Cache sync 33 at Tue May 26 19:14:21 UTC 2026
Cache sync 34 at Tue May 26 19:14:21 UTC 2026
Cache sync 35 at Tue May 26 19:14:21 UTC 2026
Cache sync 36 at Tue May 26 19:14:21 UTC 2026
Cache sync 37 at Tue May 26 19:14:21 UTC 2026
Cache sync 38 at Tue May 26 19:14:21 UTC 2026
Cache sync 39 at Tue May 26 19:14:21 UTC 2026
Cache sync 40 at Tue May 26 19:14:21 UTC 2026
Cache sync 41 at Tue May 26 19:14:21 UTC 2026
Cache sync 42 at Tue May 26 19:14:21 UTC 2026
Cache sync 43 at Tue May 26 19:14:21 UTC 2026
Cache sync 44 at Tue May 26 19:14:21 UTC 2026
Cache sync 45 at Tue May 26 19:14:21 UTC 2026
Cache sync 46 at Tue May 26 19:14:21 UTC 2026
Cache sync 47 at Tue May 26 19:14:21 UTC 2026
Cache sync 48 at Tue May 26 19:14:21 UTC 2026
Cache sync 49 at Tue May 26 19:14:21 UTC 2026
Cache sync 50 at Tue May 26 19:14:21 UTC 2026
Cache sync 51 at Tue May 26 19:14:21 UTC 2026
Cache sync 52 at Tue May 26 19:14:21 UTC 2026
Cache sync 53 at Tue May 26 19:14:21 UTC 2026
Cache sync 54 at Tue May 26 19:14:21 UTC 2026
Cache sync 55 at Tue May 26 19:14:21 UTC 2026
Cache sync 56 at Tue May 26 19:14:21 UTC 2026
Cache sync 57 at Tue May 26 19:14:21 UTC 2026
Cache sync 58 at Tue May 26 19:14:21 UTC 2026
Cache sync 59 at Tue May 26 19:14:21 UTC 2026
Cache sync 60 at Tue May 26 19:14:21 UTC 2026
Cache sync 61 at Tue May 26 19:14:21 UTC 2026
Cache sync 1 at Wed May 27 19:21:31 UTC 2026
Cache sync 2 at Wed May 27 19:21:31 UTC 2026
Cache sync 3 at Wed May 27 19:21:31 UTC 2026
Cache sync 4 at Wed May 27 19:21:31 UTC 2026
Cache sync 5 at Wed May 27 19:21:31 UTC 2026
Cache sync 6 at Wed May 27 19:21:31 UTC 2026
Cache sync 7 at Wed May 27 19:21:31 UTC 2026
Cache sync 8 at Wed May 27 19:21:31 UTC 2026
Cache sync 9 at Wed May 27 19:21:31 UTC 2026
Cache sync 10 at Wed May 27 19:21:31 UTC 2026
Cache sync 11 at Wed May 27 19:21:31 UTC 2026
Cache sync 12 at Wed May 27 19:21:31 UTC 2026
Cache sync 13 at Wed May 27 19:21:31 UTC 2026
Cache sync 14 at Wed May 27 19:21:31 UTC 2026
Cache sync 15 at Wed May 27 19:21:31 UTC 2026
Cache sync 16 at Wed May 27 19:21:31 UTC 2026
Cache sync 17 at Wed May 27 19:21:31 UTC 2026
Cache sync 18 at Wed May 27 19:21:31 UTC 2026
Cache sync 19 at Wed May 27 19:21:31 UTC 2026
Cache sync 20 at Wed May 27 19:21:31 UTC 2026
Cache sync 21 at Wed May 27 19:21:31 UTC 2026
Cache sync 22 at Wed May 27 19:21:31 UTC 2026
Cache sync 23 at Wed May 27 19:21:31 UTC 2026
Cache sync 24 at Wed May 27 19:21:31 UTC 2026
Cache sync 25 at Wed May 27 19:21:31 UTC 2026
Cache sync 26 at Wed May 27 19:21:31 UTC 2026
Cache sync 27 at Wed May 27 19:21:31 UTC 2026
Cache sync 28 at Wed May 27 19:21:31 UTC 2026
Cache sync 29 at Wed May 27 19:21:31 UTC 2026
Cache sync 30 at Wed May 27 19:21:31 UTC 2026
Cache sync 31 at Wed May 27 19:21:31 UTC 2026
Cache sync 32 at Wed May 27 19:21:31 UTC 2026
Cache sync 33 at Wed May 27 19:21:32 UTC 2026
Cache sync 34 at Wed May 27 19:21:32 UTC 2026
Cache sync 35 at Wed May 27 19:21:32 UTC 2026
Cache sync 36 at Wed May 27 19:21:32 UTC 2026
Cache sync 37 at Wed May 27 19:21:32 UTC 2026
Cache sync 38 at Wed May 27 19:21:32 UTC 2026
Cache sync 39 at Wed May 27 19:21:32 UTC 2026
Cache sync 40 at Wed May 27 19:21:32 UTC 2026
Cache sync 41 at Wed May 27 19:21:32 UTC 2026
Cache sync 42 at Wed May 27 19:21:32 UTC 2026
Cache sync 43 at Wed May 27 19:21:32 UTC 2026
Cache sync 44 at Wed May 27 19:21:32 UTC 2026
Cache sync 45 at Wed May 27 19:21:32 UTC 2026
Cache sync 46 at Wed May 27 19:21:32 UTC 2026
Cache sync 47 at Wed May 27 19:21:32 UTC 2026
Cache sync 48 at Wed May 27 19:21:32 UTC 2026
Cache sync 49 at Wed May 27 19:21:32 UTC 2026
Cache sync 50 at Wed May 27 19:21:32 UTC 2026
Cache sync 51 at Wed May 27 19:21:32 UTC 2026
Cache sync 52 at Wed May 27 19:21:32 UTC 2026
Cache sync 53 at Wed May 27 19:21:32 UTC 2026
Cache sync 54 at Wed May 27 19:21:32 UTC 2026
Cache sync 55 at Wed May 27 19:21:32 UTC 2026
Cache sync 56 at Wed May 27 19:21:32 UTC 2026
Cache sync 57 at Wed May 27 19:21:32 UTC 2026
Cache sync 58 at Wed May 27 19:21:32 UTC 2026
Cache sync 1 at Thu May 28 19:33:20 UTC 2026
Cache sync 2 at Thu May 28 19:33:20 UTC 2026
Cache sync 3 at Thu May 28 19:33:20 UTC 2026
Cache sync 4 at Thu May 28 19:33:20 UTC 2026
Cache sync 5 at Thu May 28 19:33:20 UTC 2026
Cache sync 6 at Thu May 28 19:33:20 UTC 2026
Cache sync 7 at Thu May 28 19:33:20 UTC 2026
Cache sync 8 at Thu May 28 19:33:20 UTC 2026
Cache sync 9 at Thu May 28 19:33:20 UTC 2026
Cache sync 10 at Thu May 28 19:33:20 UTC 2026
Cache sync 11 at Thu May 28 19:33:20 UTC 2026
Cache sync 12 at Thu May 28 19:33:20 UTC 2026
Cache sync 13 at Thu May 28 19:33:20 UTC 2026
Cache sync 14 at Thu May 28 19:33:20 UTC 2026
Cache sync 15 at Thu May 28 19:33:20 UTC 2026
Cache sync 16 at Thu May 28 19:33:20 UTC 2026
Cache sync 17 at Thu May 28 19:33:20 UTC 2026
Cache sync 18 at Thu May 28 19:33:20 UTC 2026
Cache sync 19 at Thu May 28 19:33:20 UTC 2026
Cache sync 1 at Fri May 29 19:30:19 UTC 2026
Cache sync 2 at Fri May 29 19:30:19 UTC 2026
Cache sync 3 at Fri May 29 19:30:19 UTC 2026
Cache sync 4 at Fri May 29 19:30:19 UTC 2026
Cache sync 5 at Fri May 29 19:30:19 UTC 2026
Cache sync 6 at Fri May 29 19:30:19 UTC 2026
Cache sync 7 at Fri May 29 19:30:19 UTC 2026
Cache sync 8 at Fri May 29 19:30:19 UTC 2026
Cache sync 9 at Fri May 29 19:30:20 UTC 2026
Cache sync 10 at Fri May 29 19:30:20 UTC 2026
Cache sync 11 at Fri May 29 19:30:20 UTC 2026
Cache sync 12 at Fri May 29 19:30:20 UTC 2026
Cache sync 13 at Fri May 29 19:30:20 UTC 2026
Cache sync 14 at Fri May 29 19:30:20 UTC 2026
Cache sync 15 at Fri May 29 19:30:20 UTC 2026
Cache sync 16 at Fri May 29 19:30:20 UTC 2026
Cache sync 17 at Fri May 29 19:30:20 UTC 2026
Cache sync 18 at Fri May 29 19:30:20 UTC 2026
Cache sync 19 at Fri May 29 19:30:20 UTC 2026
Cache sync 20 at Fri May 29 19:30:20 UTC 2026
Cache sync 21 at Fri May 29 19:30:20 UTC 2026
Cache sync 22 at Fri May 29 19:30:20 UTC 2026
Cache sync 23 at Fri May 29 19:30:20 UTC 2026
Cache sync 24 at Fri May 29 19:30:20 UTC 2026
Cache sync 25 at Fri May 29 19:30:20 UTC 2026
Cache sync 26 at Fri May 29 19:30:20 UTC 2026
Cache sync 27 at Fri May 29 19:30:20 UTC 2026
Cache sync 28 at Fri May 29 19:30:20 UTC 2026
Cache sync 29 at Fri May 29 19:30:20 UTC 2026
Cache sync 30 at Fri May 29 19:30:20 UTC 2026
Cache sync 31 at Fri May 29 19:30:20 UTC 2026
Cache sync 32 at Fri May 29 19:30:20 UTC 2026
Cache sync 33 at Fri May 29 19:30:20 UTC 2026
Cache sync 34 at Fri May 29 19:30:20 UTC 2026
Cache sync 35 at Fri May 29 19:30:20 UTC 2026
Cache sync 36 at Fri May 29 19:30:20 UTC 2026
Cache sync 37 at Fri May 29 19:30:20 UTC 2026
Cache sync 38 at Fri May 29 19:30:20 UTC 2026
Cache sync 39 at Fri May 29 19:30:20 UTC 2026
Cache sync 40 at Fri May 29 19:30:20 UTC 2026
Cache sync 1 at Sat May 30 18:00:20 UTC 2026
Cache sync 2 at Sat May 30 18:00:20 UTC 2026
Cache sync 3 at Sat May 30 18:00:20 UTC 2026
Cache sync 4 at Sat May 30 18:00:20 UTC 2026
Cache sync 5 at Sat May 30 18:00:20 UTC 2026
Cache sync 6 at Sat May 30 18:00:20 UTC 2026
Cache sync 7 at Sat May 30 18:00:20 UTC 2026
Cache sync 8 at Sat May 30 18:00:20 UTC 2026
Cache sync 9 at Sat May 30 18:00:20 UTC 2026
Cache sync 10 at Sat May 30 18:00:20 UTC 2026
Cache sync 11 at Sat May 30 18:00:20 UTC 2026
Cache sync 12 at Sat May 30 18:00:20 UTC 2026
Cache sync 13 at Sat May 30 18:00:20 UTC 2026
Cache sync 14 at Sat May 30 18:00:20 UTC 2026
Cache sync 15 at Sat May 30 18:00:20 UTC 2026
Cache sync 16 at Sat May 30 18:00:20 UTC 2026
Cache sync 17 at Sat May 30 18:00:20 UTC 2026
Cache sync 18 at Sat May 30 18:00:20 UTC 2026
Cache sync 1 at Sun May 31 17:57:09 UTC 2026
Cache sync 2 at Sun May 31 17:57:09 UTC 2026
Cache sync 3 at Sun May 31 17:57:09 UTC 2026
Cache sync 4 at Sun May 31 17:57:09 UTC 2026
Cache sync 5 at Sun May 31 17:57:09 UTC 2026
Cache sync 6 at Sun May 31 17:57:09 UTC 2026
Cache sync 7 at Sun May 31 17:57:09 UTC 2026
Cache sync 8 at Sun May 31 17:57:09 UTC 2026
Cache sync 9 at Sun May 31 17:57:09 UTC 2026
Cache sync 10 at Sun May 31 17:57:09 UTC 2026
Cache sync 11 at Sun May 31 17:57:09 UTC 2026
Cache sync 12 at Sun May 31 17:57:09 UTC 2026
Cache sync 13 at Sun May 31 17:57:09 UTC 2026
Cache sync 14 at Sun May 31 17:57:09 UTC 2026
Cache sync 15 at Sun May 31 17:57:09 UTC 2026
Cache sync 16 at Sun May 31 17:57:09 UTC 2026
Cache sync 17 at Sun May 31 17:57:09 UTC 2026
Cache sync 18 at Sun May 31 17:57:09 UTC 2026
Cache sync 19 at Sun May 31 17:57:09 UTC 2026
Cache sync 20 at Sun May 31 17:57:09 UTC 2026
Cache sync 21 at Sun May 31 17:57:09 UTC 2026
Cache sync 22 at Sun May 31 17:57:09 UTC 2026
Cache sync 23 at Sun May 31 17:57:09 UTC 2026
Cache sync 24 at Sun May 31 17:57:09 UTC 2026
Cache sync 25 at Sun May 31 17:57:09 UTC 2026
Cache sync 26 at Sun May 31 17:57:09 UTC 2026
Cache sync 27 at Sun May 31 17:57:09 UTC 2026
Cache sync 28 at Sun May 31 17:57:09 UTC 2026
Cache sync 29 at Sun May 31 17:57:09 UTC 2026
Cache sync 30 at Sun May 31 17:57:09 UTC 2026
Cache sync 31 at Sun May 31 17:57:09 UTC 2026
Cache sync 32 at Sun May 31 17:57:09 UTC 2026
Cache sync 33 at Sun May 31 17:57:09 UTC 2026
Cache sync 34 at Sun May 31 17:57:09 UTC 2026
Cache sync 35 at Sun May 31 17:57:09 UTC 2026
Cache sync 36 at Sun May 31 17:57:09 UTC 2026
Cache sync 37 at Sun May 31 17:57:09 UTC 2026
Cache sync 38 at Sun May 31 17:57:09 UTC 2026
Cache sync 39 at Sun May 31 17:57:09 UTC 2026
Cache sync 40 at Sun May 31 17:57:09 UTC 2026
Cache sync 41 at Sun May 31 17:57:09 UTC 2026
Cache sync 42 at Sun May 31 17:57:09 UTC 2026
Cache sync 43 at Sun May 31 17:57:09 UTC 2026
Cache sync 44 at Sun May 31 17:57:09 UTC 2026
Cache sync 45 at Sun May 31 17:57:09 UTC 2026
Cache sync 46 at Sun May 31 17:57:09 UTC 2026
Cache sync 47 at Sun May 31 17:57:09 UTC 2026
Cache sync 48 at Sun May 31 17:57:09 UTC 2026
Cache sync 49 at Sun May 31 17:57:09 UTC 2026
Cache sync 50 at Sun May 31 17:57:09 UTC 2026
Cache sync 51 at Sun May 31 17:57:09 UTC 2026
Cache sync 52 at Sun May 31 17:57:09 UTC 2026
Cache sync 53 at Sun May 31 17:57:09 UTC 2026
Cache sync 54 at Sun May 31 17:57:09 UTC 2026
Cache sync 55 at Sun May 31 17:57:09 UTC 2026
Cache sync 56 at Sun May 31 17:57:09 UTC 2026
Cache sync 57 at Sun May 31 17:57:09 UTC 2026
Cache sync 58 at Sun May 31 17:57:09 UTC 2026
Cache sync 59 at Sun May 31 17:57:09 UTC 2026
Cache sync 60 at Sun May 31 17:57:09 UTC 2026
Cache sync 61 at Sun May 31 17:57:09 UTC 2026
Cache sync 62 at Sun May 31 17:57:09 UTC 2026
Cache sync 1 at Mon Jun  1 20:52:51 UTC 2026
Cache sync 2 at Mon Jun  1 20:52:51 UTC 2026
Cache sync 3 at Mon Jun  1 20:52:51 UTC 2026
Cache sync 4 at Mon Jun  1 20:52:51 UTC 2026
Cache sync 5 at Mon Jun  1 20:52:51 UTC 2026
Cache sync 6 at Mon Jun  1 20:52:51 UTC 2026
Cache sync 7 at Mon Jun  1 20:52:51 UTC 2026
Cache sync 8 at Mon Jun  1 20:52:51 UTC 2026
Cache sync 9 at Mon Jun  1 20:52:51 UTC 2026
Cache sync 10 at Mon Jun  1 20:52:51 UTC 2026
Cache sync 11 at Mon Jun  1 20:52:51 UTC 2026
Cache sync 12 at Mon Jun  1 20:52:51 UTC 2026
Cache sync 13 at Mon Jun  1 20:52:51 UTC 2026
Cache sync 14 at Mon Jun  1 20:52:51 UTC 2026
Cache sync 15 at Mon Jun  1 20:52:51 UTC 2026
Cache sync 16 at Mon Jun  1 20:52:51 UTC 2026
Cache sync 17 at Mon Jun  1 20:52:51 UTC 2026
Cache sync 18 at Mon Jun  1 20:52:51 UTC 2026
Cache sync 19 at Mon Jun  1 20:52:51 UTC 2026
Cache sync 20 at Mon Jun  1 20:52:51 UTC 2026
Cache sync 21 at Mon Jun  1 20:52:51 UTC 2026
Cache sync 1 at Tue Jun  2 20:04:57 UTC 2026
Cache sync 2 at Tue Jun  2 20:04:57 UTC 2026
Cache sync 3 at Tue Jun  2 20:04:57 UTC 2026
Cache sync 4 at Tue Jun  2 20:04:57 UTC 2026
Cache sync 5 at Tue Jun  2 20:04:57 UTC 2026
Cache sync 6 at Tue Jun  2 20:04:57 UTC 2026
Cache sync 7 at Tue Jun  2 20:04:57 UTC 2026
Cache sync 8 at Tue Jun  2 20:04:57 UTC 2026
Cache sync 9 at Tue Jun  2 20:04:57 UTC 2026
Cache sync 10 at Tue Jun  2 20:04:57 UTC 2026
Cache sync 11 at Tue Jun  2 20:04:57 UTC 2026
Cache sync 12 at Tue Jun  2 20:04:57 UTC 2026
Cache sync 13 at Tue Jun  2 20:04:57 UTC 2026
Cache sync 14 at Tue Jun  2 20:04:57 UTC 2026
Cache sync 15 at Tue Jun  2 20:04:57 UTC 2026
Cache sync 16 at Tue Jun  2 20:04:57 UTC 2026
Cache sync 17 at Tue Jun  2 20:04:57 UTC 2026
Cache sync 18 at Tue Jun  2 20:04:57 UTC 2026
Cache sync 19 at Tue Jun  2 20:04:57 UTC 2026
Cache sync 20 at Tue Jun  2 20:04:57 UTC 2026
Cache sync 21 at Tue Jun  2 20:04:57 UTC 2026
Cache sync 22 at Tue Jun  2 20:04:57 UTC 2026
Cache sync 23 at Tue Jun  2 20:04:57 UTC 2026
Cache sync 24 at Tue Jun  2 20:04:57 UTC 2026
Cache sync 25 at Tue Jun  2 20:04:57 UTC 2026
Cache sync 26 at Tue Jun  2 20:04:57 UTC 2026
Cache sync 27 at Tue Jun  2 20:04:57 UTC 2026
Cache sync 28 at Tue Jun  2 20:04:57 UTC 2026
Cache sync 29 at Tue Jun  2 20:04:57 UTC 2026
Cache sync 30 at Tue Jun  2 20:04:57 UTC 2026
Cache sync 31 at Tue Jun  2 20:04:57 UTC 2026
Cache sync 32 at Tue Jun  2 20:04:57 UTC 2026
Cache sync 33 at Tue Jun  2 20:04:57 UTC 2026
Cache sync 34 at Tue Jun  2 20:04:57 UTC 2026
Cache sync 35 at Tue Jun  2 20:04:57 UTC 2026
Cache sync 36 at Tue Jun  2 20:04:57 UTC 2026
Cache sync 37 at Tue Jun  2 20:04:57 UTC 2026
Cache sync 38 at Tue Jun  2 20:04:57 UTC 2026
Cache sync 39 at Tue Jun  2 20:04:57 UTC 2026
Cache sync 40 at Tue Jun  2 20:04:57 UTC 2026
Cache sync 41 at Tue Jun  2 20:04:57 UTC 2026
Cache sync 42 at Tue Jun  2 20:04:57 UTC 2026
Cache sync 43 at Tue Jun  2 20:04:57 UTC 2026
Cache sync 44 at Tue Jun  2 20:04:57 UTC 2026
Cache sync 45 at Tue Jun  2 20:04:57 UTC 2026
Cache sync 46 at Tue Jun  2 20:04:57 UTC 2026
Cache sync 47 at Tue Jun  2 20:04:57 UTC 2026
Cache sync 48 at Tue Jun  2 20:04:58 UTC 2026
Cache sync 49 at Tue Jun  2 20:04:58 UTC 2026
Cache sync 50 at Tue Jun  2 20:04:58 UTC 2026
Cache sync 51 at Tue Jun  2 20:04:58 UTC 2026
Cache sync 52 at Tue Jun  2 20:04:58 UTC 2026
Cache sync 53 at Tue Jun  2 20:04:58 UTC 2026
Cache sync 54 at Tue Jun  2 20:04:58 UTC 2026
Cache sync 55 at Tue Jun  2 20:04:58 UTC 2026
Cache sync 56 at Tue Jun  2 20:04:58 UTC 2026
Cache sync 57 at Tue Jun  2 20:04:58 UTC 2026
Cache sync 58 at Tue Jun  2 20:04:58 UTC 2026
Cache sync 59 at Tue Jun  2 20:04:58 UTC 2026
Cache sync 60 at Tue Jun  2 20:04:58 UTC 2026
Cache sync 61 at Tue Jun  2 20:04:58 UTC 2026
Cache sync 62 at Tue Jun  2 20:04:58 UTC 2026
Cache sync 63 at Tue Jun  2 20:04:58 UTC 2026
Cache sync 64 at Tue Jun  2 20:04:58 UTC 2026
Cache sync 65 at Tue Jun  2 20:04:58 UTC 2026
Cache sync 66 at Tue Jun  2 20:04:58 UTC 2026
Cache sync 67 at Tue Jun  2 20:04:58 UTC 2026
Cache sync 68 at Tue Jun  2 20:04:58 UTC 2026
Cache sync 69 at Tue Jun  2 20:04:58 UTC 2026
Cache sync 70 at Tue Jun  2 20:04:58 UTC 2026
Cache sync 71 at Tue Jun  2 20:04:58 UTC 2026
Cache sync 72 at Tue Jun  2 20:04:58 UTC 2026
Cache sync 73 at Tue Jun  2 20:04:58 UTC 2026
Cache sync 74 at Tue Jun  2 20:04:58 UTC 2026
Cache sync 75 at Tue Jun  2 20:04:58 UTC 2026
Cache sync 76 at Tue Jun  2 20:04:58 UTC 2026
Cache sync 77 at Tue Jun  2 20:04:58 UTC 2026
Cache sync 78 at Tue Jun  2 20:04:58 UTC 2026
Cache sync 79 at Tue Jun  2 20:04:58 UTC 2026
Cache sync 80 at Tue Jun  2 20:04:58 UTC 2026
Cache sync 81 at Tue Jun  2 20:04:58 UTC 2026
Cache sync 82 at Tue Jun  2 20:04:58 UTC 2026
Cache sync 83 at Tue Jun  2 20:04:58 UTC 2026
Cache sync 84 at Tue Jun  2 20:04:58 UTC 2026
Cache sync 85 at Tue Jun  2 20:04:58 UTC 2026
Cache sync 1 at Wed Jun  3 20:15:13 UTC 2026
Cache sync 2 at Wed Jun  3 20:15:13 UTC 2026
Cache sync 3 at Wed Jun  3 20:15:13 UTC 2026
Cache sync 4 at Wed Jun  3 20:15:14 UTC 2026
Cache sync 5 at Wed Jun  3 20:15:14 UTC 2026
Cache sync 6 at Wed Jun  3 20:15:14 UTC 2026
Cache sync 7 at Wed Jun  3 20:15:14 UTC 2026
Cache sync 8 at Wed Jun  3 20:15:14 UTC 2026
Cache sync 9 at Wed Jun  3 20:15:14 UTC 2026
Cache sync 10 at Wed Jun  3 20:15:14 UTC 2026
Cache sync 11 at Wed Jun  3 20:15:14 UTC 2026
Cache sync 12 at Wed Jun  3 20:15:14 UTC 2026
Cache sync 13 at Wed Jun  3 20:15:14 UTC 2026
Cache sync 14 at Wed Jun  3 20:15:14 UTC 2026
Cache sync 15 at Wed Jun  3 20:15:14 UTC 2026
Cache sync 16 at Wed Jun  3 20:15:14 UTC 2026
Cache sync 17 at Wed Jun  3 20:15:14 UTC 2026
Cache sync 18 at Wed Jun  3 20:15:14 UTC 2026
Cache sync 19 at Wed Jun  3 20:15:14 UTC 2026
Cache sync 20 at Wed Jun  3 20:15:14 UTC 2026
Cache sync 21 at Wed Jun  3 20:15:14 UTC 2026
Cache sync 22 at Wed Jun  3 20:15:14 UTC 2026
Cache sync 23 at Wed Jun  3 20:15:14 UTC 2026
Cache sync 24 at Wed Jun  3 20:15:14 UTC 2026
Cache sync 25 at Wed Jun  3 20:15:14 UTC 2026
Cache sync 26 at Wed Jun  3 20:15:14 UTC 2026
Cache sync 27 at Wed Jun  3 20:15:14 UTC 2026
Cache sync 28 at Wed Jun  3 20:15:14 UTC 2026
Cache sync 29 at Wed Jun  3 20:15:14 UTC 2026
Cache sync 30 at Wed Jun  3 20:15:14 UTC 2026
Cache sync 31 at Wed Jun  3 20:15:14 UTC 2026
Cache sync 32 at Wed Jun  3 20:15:14 UTC 2026
Cache sync 33 at Wed Jun  3 20:15:14 UTC 2026
Cache sync 34 at Wed Jun  3 20:15:14 UTC 2026
Cache sync 35 at Wed Jun  3 20:15:14 UTC 2026
Cache sync 36 at Wed Jun  3 20:15:14 UTC 2026
Cache sync 37 at Wed Jun  3 20:15:14 UTC 2026
Cache sync 1 at Thu Jun  4 19:21:13 UTC 2026
Cache sync 2 at Thu Jun  4 19:21:13 UTC 2026
Cache sync 3 at Thu Jun  4 19:21:13 UTC 2026
Cache sync 4 at Thu Jun  4 19:21:13 UTC 2026
Cache sync 5 at Thu Jun  4 19:21:13 UTC 2026
Cache sync 6 at Thu Jun  4 19:21:13 UTC 2026
Cache sync 7 at Thu Jun  4 19:21:13 UTC 2026
Cache sync 8 at Thu Jun  4 19:21:13 UTC 2026
Cache sync 9 at Thu Jun  4 19:21:13 UTC 2026
Cache sync 1 at Fri Jun  5 18:56:15 UTC 2026
Cache sync 2 at Fri Jun  5 18:56:16 UTC 2026
Cache sync 3 at Fri Jun  5 18:56:16 UTC 2026
Cache sync 4 at Fri Jun  5 18:56:16 UTC 2026
Cache sync 5 at Fri Jun  5 18:56:16 UTC 2026
Cache sync 6 at Fri Jun  5 18:56:16 UTC 2026
Cache sync 7 at Fri Jun  5 18:56:16 UTC 2026
Cache sync 8 at Fri Jun  5 18:56:16 UTC 2026
Cache sync 9 at Fri Jun  5 18:56:16 UTC 2026
Cache sync 10 at Fri Jun  5 18:56:16 UTC 2026
Cache sync 11 at Fri Jun  5 18:56:16 UTC 2026
Cache sync 12 at Fri Jun  5 18:56:16 UTC 2026
Cache sync 13 at Fri Jun  5 18:56:16 UTC 2026
Cache sync 14 at Fri Jun  5 18:56:16 UTC 2026
Cache sync 15 at Fri Jun  5 18:56:16 UTC 2026
Cache sync 16 at Fri Jun  5 18:56:16 UTC 2026
Cache sync 17 at Fri Jun  5 18:56:16 UTC 2026
Cache sync 18 at Fri Jun  5 18:56:16 UTC 2026
Cache sync 19 at Fri Jun  5 18:56:16 UTC 2026
Cache sync 20 at Fri Jun  5 18:56:16 UTC 2026
Cache sync 21 at Fri Jun  5 18:56:16 UTC 2026
Cache sync 22 at Fri Jun  5 18:56:16 UTC 2026
Cache sync 23 at Fri Jun  5 18:56:16 UTC 2026
Cache sync 24 at Fri Jun  5 18:56:16 UTC 2026
Cache sync 25 at Fri Jun  5 18:56:16 UTC 2026
Cache sync 26 at Fri Jun  5 18:56:16 UTC 2026
Cache sync 27 at Fri Jun  5 18:56:16 UTC 2026
Cache sync 28 at Fri Jun  5 18:56:16 UTC 2026
Cache sync 29 at Fri Jun  5 18:56:16 UTC 2026
Cache sync 30 at Fri Jun  5 18:56:16 UTC 2026
Cache sync 31 at Fri Jun  5 18:56:16 UTC 2026
Cache sync 32 at Fri Jun  5 18:56:16 UTC 2026
Cache sync 33 at Fri Jun  5 18:56:16 UTC 2026
Cache sync 34 at Fri Jun  5 18:56:16 UTC 2026
Cache sync 35 at Fri Jun  5 18:56:16 UTC 2026
Cache sync 36 at Fri Jun  5 18:56:16 UTC 2026
Cache sync 37 at Fri Jun  5 18:56:16 UTC 2026
Cache sync 38 at Fri Jun  5 18:56:16 UTC 2026
Cache sync 39 at Fri Jun  5 18:56:16 UTC 2026
Cache sync 40 at Fri Jun  5 18:56:16 UTC 2026
Cache sync 41 at Fri Jun  5 18:56:16 UTC 2026
Cache sync 42 at Fri Jun  5 18:56:16 UTC 2026
Cache sync 43 at Fri Jun  5 18:56:16 UTC 2026
Cache sync 44 at Fri Jun  5 18:56:16 UTC 2026
Cache sync 45 at Fri Jun  5 18:56:16 UTC 2026
Cache sync 46 at Fri Jun  5 18:56:16 UTC 2026
Cache sync 47 at Fri Jun  5 18:56:16 UTC 2026
Cache sync 48 at Fri Jun  5 18:56:16 UTC 2026
Cache sync 49 at Fri Jun  5 18:56:16 UTC 2026
Cache sync 50 at Fri Jun  5 18:56:16 UTC 2026
Cache sync 51 at Fri Jun  5 18:56:16 UTC 2026
Cache sync 52 at Fri Jun  5 18:56:16 UTC 2026
Cache sync 53 at Fri Jun  5 18:56:16 UTC 2026
Cache sync 54 at Fri Jun  5 18:56:16 UTC 2026
Cache sync 55 at Fri Jun  5 18:56:16 UTC 2026
Cache sync 56 at Fri Jun  5 18:56:16 UTC 2026
Cache sync 57 at Fri Jun  5 18:56:16 UTC 2026
Cache sync 58 at Fri Jun  5 18:56:16 UTC 2026
Cache sync 59 at Fri Jun  5 18:56:16 UTC 2026
Cache sync 60 at Fri Jun  5 18:56:16 UTC 2026
Cache sync 61 at Fri Jun  5 18:56:16 UTC 2026
Cache sync 62 at Fri Jun  5 18:56:16 UTC 2026
Cache sync 1 at Sat Jun  6 18:02:27 UTC 2026
Cache sync 2 at Sat Jun  6 18:02:27 UTC 2026
Cache sync 3 at Sat Jun  6 18:02:27 UTC 2026
Cache sync 4 at Sat Jun  6 18:02:27 UTC 2026
Cache sync 5 at Sat Jun  6 18:02:27 UTC 2026
Cache sync 6 at Sat Jun  6 18:02:27 UTC 2026
Cache sync 7 at Sat Jun  6 18:02:27 UTC 2026
Cache sync 8 at Sat Jun  6 18:02:27 UTC 2026
Cache sync 9 at Sat Jun  6 18:02:27 UTC 2026
Cache sync 10 at Sat Jun  6 18:02:27 UTC 2026
Cache sync 11 at Sat Jun  6 18:02:27 UTC 2026
Cache sync 12 at Sat Jun  6 18:02:27 UTC 2026
Cache sync 13 at Sat Jun  6 18:02:27 UTC 2026
Cache sync 14 at Sat Jun  6 18:02:27 UTC 2026
Cache sync 15 at Sat Jun  6 18:02:27 UTC 2026
Cache sync 16 at Sat Jun  6 18:02:27 UTC 2026
Cache sync 17 at Sat Jun  6 18:02:27 UTC 2026
Cache sync 18 at Sat Jun  6 18:02:27 UTC 2026
Cache sync 19 at Sat Jun  6 18:02:27 UTC 2026
Cache sync 20 at Sat Jun  6 18:02:27 UTC 2026
Cache sync 21 at Sat Jun  6 18:02:27 UTC 2026
Cache sync 22 at Sat Jun  6 18:02:27 UTC 2026
Cache sync 23 at Sat Jun  6 18:02:27 UTC 2026
Cache sync 24 at Sat Jun  6 18:02:27 UTC 2026
Cache sync 25 at Sat Jun  6 18:02:27 UTC 2026
Cache sync 26 at Sat Jun  6 18:02:27 UTC 2026
Cache sync 1 at Sun Jun  7 18:00:50 UTC 2026
Cache sync 2 at Sun Jun  7 18:00:50 UTC 2026
Cache sync 3 at Sun Jun  7 18:00:50 UTC 2026
Cache sync 4 at Sun Jun  7 18:00:50 UTC 2026
Cache sync 5 at Sun Jun  7 18:00:50 UTC 2026
Cache sync 6 at Sun Jun  7 18:00:50 UTC 2026
Cache sync 7 at Sun Jun  7 18:00:50 UTC 2026
Cache sync 8 at Sun Jun  7 18:00:50 UTC 2026
Cache sync 9 at Sun Jun  7 18:00:50 UTC 2026
Cache sync 10 at Sun Jun  7 18:00:50 UTC 2026
Cache sync 11 at Sun Jun  7 18:00:50 UTC 2026
Cache sync 12 at Sun Jun  7 18:00:50 UTC 2026
Cache sync 13 at Sun Jun  7 18:00:50 UTC 2026
Cache sync 14 at Sun Jun  7 18:00:50 UTC 2026
Cache sync 15 at Sun Jun  7 18:00:50 UTC 2026
Cache sync 16 at Sun Jun  7 18:00:50 UTC 2026
Cache sync 17 at Sun Jun  7 18:00:50 UTC 2026
Cache sync 18 at Sun Jun  7 18:00:50 UTC 2026
Cache sync 19 at Sun Jun  7 18:00:50 UTC 2026
Cache sync 20 at Sun Jun  7 18:00:50 UTC 2026
Cache sync 21 at Sun Jun  7 18:00:50 UTC 2026
Cache sync 22 at Sun Jun  7 18:00:50 UTC 2026
Cache sync 23 at Sun Jun  7 18:00:50 UTC 2026
Cache sync 24 at Sun Jun  7 18:00:50 UTC 2026
Cache sync 25 at Sun Jun  7 18:00:50 UTC 2026
Cache sync 26 at Sun Jun  7 18:00:50 UTC 2026
Cache sync 27 at Sun Jun  7 18:00:50 UTC 2026
Cache sync 28 at Sun Jun  7 18:00:50 UTC 2026
Cache sync 29 at Sun Jun  7 18:00:50 UTC 2026
Cache sync 30 at Sun Jun  7 18:00:50 UTC 2026
Cache sync 31 at Sun Jun  7 18:00:50 UTC 2026
Cache sync 32 at Sun Jun  7 18:00:50 UTC 2026
Cache sync 33 at Sun Jun  7 18:00:50 UTC 2026
Cache sync 34 at Sun Jun  7 18:00:50 UTC 2026
Cache sync 35 at Sun Jun  7 18:00:50 UTC 2026
Cache sync 36 at Sun Jun  7 18:00:50 UTC 2026
Cache sync 37 at Sun Jun  7 18:00:50 UTC 2026
Cache sync 38 at Sun Jun  7 18:00:50 UTC 2026
Cache sync 39 at Sun Jun  7 18:00:50 UTC 2026
Cache sync 40 at Sun Jun  7 18:00:50 UTC 2026
Cache sync 41 at Sun Jun  7 18:00:50 UTC 2026
Cache sync 42 at Sun Jun  7 18:00:50 UTC 2026
Cache sync 43 at Sun Jun  7 18:00:50 UTC 2026
Cache sync 44 at Sun Jun  7 18:00:50 UTC 2026
Cache sync 45 at Sun Jun  7 18:00:50 UTC 2026
Cache sync 46 at Sun Jun  7 18:00:50 UTC 2026
Cache sync 47 at Sun Jun  7 18:00:50 UTC 2026
Cache sync 48 at Sun Jun  7 18:00:50 UTC 2026
Cache sync 49 at Sun Jun  7 18:00:50 UTC 2026
Cache sync 50 at Sun Jun  7 18:00:50 UTC 2026
Cache sync 51 at Sun Jun  7 18:00:50 UTC 2026
Cache sync 52 at Sun Jun  7 18:00:50 UTC 2026
Cache sync 53 at Sun Jun  7 18:00:50 UTC 2026
Cache sync 54 at Sun Jun  7 18:00:50 UTC 2026
Cache sync 55 at Sun Jun  7 18:00:50 UTC 2026
Cache sync 56 at Sun Jun  7 18:00:50 UTC 2026
Cache sync 57 at Sun Jun  7 18:00:50 UTC 2026
Cache sync 1 at Mon Jun  8 19:17:55 UTC 2026
Cache sync 2 at Mon Jun  8 19:17:55 UTC 2026
Cache sync 3 at Mon Jun  8 19:17:55 UTC 2026
Cache sync 4 at Mon Jun  8 19:17:55 UTC 2026
Cache sync 5 at Mon Jun  8 19:17:55 UTC 2026
Cache sync 6 at Mon Jun  8 19:17:55 UTC 2026
Cache sync 7 at Mon Jun  8 19:17:55 UTC 2026
Cache sync 8 at Mon Jun  8 19:17:55 UTC 2026
Cache sync 9 at Mon Jun  8 19:17:55 UTC 2026
Cache sync 10 at Mon Jun  8 19:17:55 UTC 2026
Cache sync 11 at Mon Jun  8 19:17:56 UTC 2026
Cache sync 12 at Mon Jun  8 19:17:56 UTC 2026
Cache sync 13 at Mon Jun  8 19:17:56 UTC 2026
Cache sync 14 at Mon Jun  8 19:17:56 UTC 2026
Cache sync 15 at Mon Jun  8 19:17:56 UTC 2026
Cache sync 16 at Mon Jun  8 19:17:56 UTC 2026
Cache sync 17 at Mon Jun  8 19:17:56 UTC 2026
Cache sync 18 at Mon Jun  8 19:17:56 UTC 2026
Cache sync 19 at Mon Jun  8 19:17:56 UTC 2026
Cache sync 20 at Mon Jun  8 19:17:56 UTC 2026
Cache sync 21 at Mon Jun  8 19:17:56 UTC 2026
Cache sync 22 at Mon Jun  8 19:17:56 UTC 2026
Cache sync 23 at Mon Jun  8 19:17:56 UTC 2026
Cache sync 24 at Mon Jun  8 19:17:56 UTC 2026
Cache sync 25 at Mon Jun  8 19:17:56 UTC 2026
Cache sync 26 at Mon Jun  8 19:17:56 UTC 2026
Cache sync 27 at Mon Jun  8 19:17:56 UTC 2026
Cache sync 28 at Mon Jun  8 19:17:56 UTC 2026
Cache sync 29 at Mon Jun  8 19:17:56 UTC 2026
Cache sync 30 at Mon Jun  8 19:17:56 UTC 2026
Cache sync 31 at Mon Jun  8 19:17:56 UTC 2026
Cache sync 32 at Mon Jun  8 19:17:56 UTC 2026
Cache sync 33 at Mon Jun  8 19:17:56 UTC 2026
Cache sync 34 at Mon Jun  8 19:17:56 UTC 2026
Cache sync 35 at Mon Jun  8 19:17:56 UTC 2026
Cache sync 36 at Mon Jun  8 19:17:56 UTC 2026
Cache sync 37 at Mon Jun  8 19:17:56 UTC 2026
Cache sync 38 at Mon Jun  8 19:17:56 UTC 2026
Cache sync 39 at Mon Jun  8 19:17:56 UTC 2026
Cache sync 40 at Mon Jun  8 19:17:56 UTC 2026
Cache sync 41 at Mon Jun  8 19:17:56 UTC 2026
Cache sync 42 at Mon Jun  8 19:17:56 UTC 2026
Cache sync 43 at Mon Jun  8 19:17:56 UTC 2026
Cache sync 44 at Mon Jun  8 19:17:56 UTC 2026
Cache sync 45 at Mon Jun  8 19:17:56 UTC 2026
Cache sync 46 at Mon Jun  8 19:17:56 UTC 2026
Cache sync 47 at Mon Jun  8 19:17:56 UTC 2026
Cache sync 48 at Mon Jun  8 19:17:56 UTC 2026
Cache sync 49 at Mon Jun  8 19:17:56 UTC 2026
Cache sync 50 at Mon Jun  8 19:17:56 UTC 2026
Cache sync 51 at Mon Jun  8 19:17:56 UTC 2026
Cache sync 52 at Mon Jun  8 19:17:56 UTC 2026
Cache sync 53 at Mon Jun  8 19:17:56 UTC 2026
Cache sync 54 at Mon Jun  8 19:17:56 UTC 2026
Cache sync 55 at Mon Jun  8 19:17:56 UTC 2026
Cache sync 56 at Mon Jun  8 19:17:56 UTC 2026
Cache sync 57 at Mon Jun  8 19:17:56 UTC 2026
Cache sync 58 at Mon Jun  8 19:17:56 UTC 2026
Cache sync 59 at Mon Jun  8 19:17:56 UTC 2026
Cache sync 60 at Mon Jun  8 19:17:56 UTC 2026
Cache sync 61 at Mon Jun  8 19:17:56 UTC 2026
Cache sync 62 at Mon Jun  8 19:17:56 UTC 2026
Cache sync 63 at Mon Jun  8 19:17:56 UTC 2026
Cache sync 64 at Mon Jun  8 19:17:56 UTC 2026
Cache sync 65 at Mon Jun  8 19:17:56 UTC 2026
Cache sync 66 at Mon Jun  8 19:17:56 UTC 2026
Cache sync 67 at Mon Jun  8 19:17:56 UTC 2026
Cache sync 68 at Mon Jun  8 19:17:56 UTC 2026
Cache sync 69 at Mon Jun  8 19:17:56 UTC 2026
Cache sync 70 at Mon Jun  8 19:17:56 UTC 2026
Cache sync 71 at Mon Jun  8 19:17:56 UTC 2026
Cache sync 72 at Mon Jun  8 19:17:56 UTC 2026
Cache sync 73 at Mon Jun  8 19:17:56 UTC 2026
Cache sync 74 at Mon Jun  8 19:17:56 UTC 2026
Cache sync 75 at Mon Jun  8 19:17:56 UTC 2026
Cache sync 1 at Tue Jun  9 19:10:28 UTC 2026
Cache sync 2 at Tue Jun  9 19:10:28 UTC 2026
Cache sync 3 at Tue Jun  9 19:10:28 UTC 2026
Cache sync 4 at Tue Jun  9 19:10:28 UTC 2026
Cache sync 5 at Tue Jun  9 19:10:28 UTC 2026
Cache sync 6 at Tue Jun  9 19:10:28 UTC 2026
Cache sync 7 at Tue Jun  9 19:10:28 UTC 2026
Cache sync 8 at Tue Jun  9 19:10:28 UTC 2026
Cache sync 9 at Tue Jun  9 19:10:28 UTC 2026
Cache sync 10 at Tue Jun  9 19:10:28 UTC 2026
Cache sync 11 at Tue Jun  9 19:10:28 UTC 2026
Cache sync 12 at Tue Jun  9 19:10:28 UTC 2026
Cache sync 13 at Tue Jun  9 19:10:28 UTC 2026
Cache sync 14 at Tue Jun  9 19:10:28 UTC 2026
Cache sync 15 at Tue Jun  9 19:10:28 UTC 2026
Cache sync 16 at Tue Jun  9 19:10:28 UTC 2026
Cache sync 17 at Tue Jun  9 19:10:28 UTC 2026
Cache sync 18 at Tue Jun  9 19:10:28 UTC 2026
Cache sync 19 at Tue Jun  9 19:10:28 UTC 2026
Cache sync 20 at Tue Jun  9 19:10:28 UTC 2026
Cache sync 21 at Tue Jun  9 19:10:28 UTC 2026
Cache sync 22 at Tue Jun  9 19:10:28 UTC 2026
Cache sync 23 at Tue Jun  9 19:10:28 UTC 2026
Cache sync 24 at Tue Jun  9 19:10:28 UTC 2026
Cache sync 25 at Tue Jun  9 19:10:28 UTC 2026
Cache sync 26 at Tue Jun  9 19:10:28 UTC 2026
Cache sync 27 at Tue Jun  9 19:10:28 UTC 2026
Cache sync 28 at Tue Jun  9 19:10:28 UTC 2026
Cache sync 29 at Tue Jun  9 19:10:29 UTC 2026
Cache sync 30 at Tue Jun  9 19:10:29 UTC 2026
Cache sync 31 at Tue Jun  9 19:10:29 UTC 2026
Cache sync 32 at Tue Jun  9 19:10:29 UTC 2026
Cache sync 33 at Tue Jun  9 19:10:29 UTC 2026
Cache sync 34 at Tue Jun  9 19:10:29 UTC 2026
Cache sync 35 at Tue Jun  9 19:10:29 UTC 2026
Cache sync 36 at Tue Jun  9 19:10:29 UTC 2026
Cache sync 37 at Tue Jun  9 19:10:29 UTC 2026
Cache sync 38 at Tue Jun  9 19:10:29 UTC 2026
Cache sync 39 at Tue Jun  9 19:10:29 UTC 2026
Cache sync 40 at Tue Jun  9 19:10:29 UTC 2026
Cache sync 41 at Tue Jun  9 19:10:29 UTC 2026
Cache sync 42 at Tue Jun  9 19:10:29 UTC 2026
Cache sync 43 at Tue Jun  9 19:10:29 UTC 2026
Cache sync 44 at Tue Jun  9 19:10:29 UTC 2026
Cache sync 45 at Tue Jun  9 19:10:29 UTC 2026
Cache sync 46 at Tue Jun  9 19:10:29 UTC 2026
Cache sync 47 at Tue Jun  9 19:10:29 UTC 2026
Cache sync 48 at Tue Jun  9 19:10:29 UTC 2026
Cache sync 49 at Tue Jun  9 19:10:29 UTC 2026
Cache sync 50 at Tue Jun  9 19:10:29 UTC 2026
Cache sync 51 at Tue Jun  9 19:10:29 UTC 2026
Cache sync 52 at Tue Jun  9 19:10:29 UTC 2026
Cache sync 53 at Tue Jun  9 19:10:29 UTC 2026
Cache sync 54 at Tue Jun  9 19:10:29 UTC 2026
Cache sync 55 at Tue Jun  9 19:10:29 UTC 2026
Cache sync 56 at Tue Jun  9 19:10:29 UTC 2026
Cache sync 57 at Tue Jun  9 19:10:29 UTC 2026
Cache sync 58 at Tue Jun  9 19:10:29 UTC 2026
Cache sync 59 at Tue Jun  9 19:10:29 UTC 2026
Cache sync 60 at Tue Jun  9 19:10:29 UTC 2026
Cache sync 61 at Tue Jun  9 19:10:29 UTC 2026
Cache sync 62 at Tue Jun  9 19:10:29 UTC 2026
Cache sync 63 at Tue Jun  9 19:10:29 UTC 2026
Cache sync 64 at Tue Jun  9 19:10:29 UTC 2026
Cache sync 65 at Tue Jun  9 19:10:29 UTC 2026
Cache sync 66 at Tue Jun  9 19:10:29 UTC 2026
Cache sync 67 at Tue Jun  9 19:10:29 UTC 2026
Cache sync 68 at Tue Jun  9 19:10:29 UTC 2026
Cache sync 69 at Tue Jun  9 19:10:29 UTC 2026
Cache sync 70 at Tue Jun  9 19:10:29 UTC 2026
Cache sync 71 at Tue Jun  9 19:10:29 UTC 2026
Cache sync 72 at Tue Jun  9 19:10:29 UTC 2026
Cache sync 73 at Tue Jun  9 19:10:29 UTC 2026
Cache sync 74 at Tue Jun  9 19:10:29 UTC 2026
Cache sync 75 at Tue Jun  9 19:10:29 UTC 2026
Cache sync 76 at Tue Jun  9 19:10:29 UTC 2026
Cache sync 77 at Tue Jun  9 19:10:29 UTC 2026
Cache sync 78 at Tue Jun  9 19:10:29 UTC 2026
Cache sync 79 at Tue Jun  9 19:10:29 UTC 2026
Cache sync 80 at Tue Jun  9 19:10:29 UTC 2026
Cache sync 81 at Tue Jun  9 19:10:29 UTC 2026
Cache sync 82 at Tue Jun  9 19:10:29 UTC 2026
Cache sync 1 at Wed Jun 10 19:30:38 UTC 2026
Cache sync 2 at Wed Jun 10 19:30:38 UTC 2026
Cache sync 3 at Wed Jun 10 19:30:38 UTC 2026
Cache sync 4 at Wed Jun 10 19:30:38 UTC 2026
Cache sync 5 at Wed Jun 10 19:30:38 UTC 2026
Cache sync 6 at Wed Jun 10 19:30:38 UTC 2026
Cache sync 7 at Wed Jun 10 19:30:38 UTC 2026
Cache sync 8 at Wed Jun 10 19:30:38 UTC 2026
Cache sync 9 at Wed Jun 10 19:30:38 UTC 2026
Cache sync 10 at Wed Jun 10 19:30:38 UTC 2026
Cache sync 11 at Wed Jun 10 19:30:38 UTC 2026
Cache sync 12 at Wed Jun 10 19:30:38 UTC 2026
Cache sync 13 at Wed Jun 10 19:30:38 UTC 2026
Cache sync 14 at Wed Jun 10 19:30:38 UTC 2026
Cache sync 15 at Wed Jun 10 19:30:38 UTC 2026
Cache sync 16 at Wed Jun 10 19:30:38 UTC 2026
Cache sync 17 at Wed Jun 10 19:30:38 UTC 2026
Cache sync 18 at Wed Jun 10 19:30:38 UTC 2026
Cache sync 19 at Wed Jun 10 19:30:38 UTC 2026
Cache sync 20 at Wed Jun 10 19:30:38 UTC 2026
Cache sync 21 at Wed Jun 10 19:30:38 UTC 2026
Cache sync 22 at Wed Jun 10 19:30:38 UTC 2026
Cache sync 23 at Wed Jun 10 19:30:38 UTC 2026
Cache sync 24 at Wed Jun 10 19:30:38 UTC 2026
Cache sync 25 at Wed Jun 10 19:30:38 UTC 2026
Cache sync 26 at Wed Jun 10 19:30:38 UTC 2026
Cache sync 27 at Wed Jun 10 19:30:38 UTC 2026
Cache sync 28 at Wed Jun 10 19:30:38 UTC 2026
Cache sync 29 at Wed Jun 10 19:30:38 UTC 2026
Cache sync 30 at Wed Jun 10 19:30:38 UTC 2026
Cache sync 31 at Wed Jun 10 19:30:38 UTC 2026
Cache sync 32 at Wed Jun 10 19:30:38 UTC 2026
Cache sync 33 at Wed Jun 10 19:30:38 UTC 2026
Cache sync 34 at Wed Jun 10 19:30:38 UTC 2026
Cache sync 1 at Thu Jun 11 19:31:33 UTC 2026
Cache sync 2 at Thu Jun 11 19:31:33 UTC 2026
Cache sync 3 at Thu Jun 11 19:31:33 UTC 2026
Cache sync 4 at Thu Jun 11 19:31:33 UTC 2026
Cache sync 5 at Thu Jun 11 19:31:33 UTC 2026
Cache sync 6 at Thu Jun 11 19:31:33 UTC 2026
Cache sync 7 at Thu Jun 11 19:31:33 UTC 2026
Cache sync 8 at Thu Jun 11 19:31:33 UTC 2026
Cache sync 9 at Thu Jun 11 19:31:33 UTC 2026
Cache sync 10 at Thu Jun 11 19:31:33 UTC 2026
Cache sync 11 at Thu Jun 11 19:31:33 UTC 2026
Cache sync 12 at Thu Jun 11 19:31:33 UTC 2026
Cache sync 13 at Thu Jun 11 19:31:33 UTC 2026
Cache sync 14 at Thu Jun 11 19:31:33 UTC 2026
Cache sync 15 at Thu Jun 11 19:31:33 UTC 2026
Cache sync 16 at Thu Jun 11 19:31:33 UTC 2026
Cache sync 17 at Thu Jun 11 19:31:33 UTC 2026
Cache sync 18 at Thu Jun 11 19:31:33 UTC 2026
Cache sync 19 at Thu Jun 11 19:31:33 UTC 2026
Cache sync 20 at Thu Jun 11 19:31:33 UTC 2026
Cache sync 21 at Thu Jun 11 19:31:33 UTC 2026
Cache sync 22 at Thu Jun 11 19:31:33 UTC 2026
Cache sync 23 at Thu Jun 11 19:31:33 UTC 2026
Cache sync 24 at Thu Jun 11 19:31:33 UTC 2026
Cache sync 25 at Thu Jun 11 19:31:33 UTC 2026
Cache sync 26 at Thu Jun 11 19:31:33 UTC 2026
Cache sync 27 at Thu Jun 11 19:31:33 UTC 2026
Cache sync 28 at Thu Jun 11 19:31:33 UTC 2026
Cache sync 29 at Thu Jun 11 19:31:33 UTC 2026
Cache sync 30 at Thu Jun 11 19:31:33 UTC 2026
Cache sync 31 at Thu Jun 11 19:31:33 UTC 2026
Cache sync 32 at Thu Jun 11 19:31:33 UTC 2026
Cache sync 33 at Thu Jun 11 19:31:34 UTC 2026
Cache sync 34 at Thu Jun 11 19:31:34 UTC 2026
Cache sync 35 at Thu Jun 11 19:31:34 UTC 2026
Cache sync 36 at Thu Jun 11 19:31:34 UTC 2026
Cache sync 37 at Thu Jun 11 19:31:34 UTC 2026
Cache sync 38 at Thu Jun 11 19:31:34 UTC 2026
Cache sync 39 at Thu Jun 11 19:31:34 UTC 2026
Cache sync 40 at Thu Jun 11 19:31:34 UTC 2026
Cache sync 41 at Thu Jun 11 19:31:34 UTC 2026
Cache sync 42 at Thu Jun 11 19:31:34 UTC 2026
Cache sync 43 at Thu Jun 11 19:31:34 UTC 2026
Cache sync 44 at Thu Jun 11 19:31:34 UTC 2026
Cache sync 45 at Thu Jun 11 19:31:34 UTC 2026
Cache sync 46 at Thu Jun 11 19:31:34 UTC 2026
Cache sync 47 at Thu Jun 11 19:31:34 UTC 2026
Cache sync 48 at Thu Jun 11 19:31:34 UTC 2026
Cache sync 49 at Thu Jun 11 19:31:34 UTC 2026
Cache sync 50 at Thu Jun 11 19:31:34 UTC 2026
Cache sync 51 at Thu Jun 11 19:31:34 UTC 2026
Cache sync 52 at Thu Jun 11 19:31:34 UTC 2026
Cache sync 53 at Thu Jun 11 19:31:34 UTC 2026
Cache sync 54 at Thu Jun 11 19:31:34 UTC 2026
Cache sync 55 at Thu Jun 11 19:31:34 UTC 2026
Cache sync 56 at Thu Jun 11 19:31:34 UTC 2026
Cache sync 1 at Fri Jun 12 19:00:55 UTC 2026
Cache sync 2 at Fri Jun 12 19:00:55 UTC 2026
Cache sync 3 at Fri Jun 12 19:00:55 UTC 2026
Cache sync 4 at Fri Jun 12 19:00:55 UTC 2026
Cache sync 5 at Fri Jun 12 19:00:55 UTC 2026
Cache sync 6 at Fri Jun 12 19:00:55 UTC 2026
Cache sync 7 at Fri Jun 12 19:00:56 UTC 2026
Cache sync 8 at Fri Jun 12 19:00:56 UTC 2026
Cache sync 9 at Fri Jun 12 19:00:56 UTC 2026
Cache sync 10 at Fri Jun 12 19:00:56 UTC 2026
Cache sync 11 at Fri Jun 12 19:00:56 UTC 2026
Cache sync 12 at Fri Jun 12 19:00:56 UTC 2026
Cache sync 13 at Fri Jun 12 19:00:56 UTC 2026
Cache sync 14 at Fri Jun 12 19:00:56 UTC 2026
Cache sync 15 at Fri Jun 12 19:00:56 UTC 2026
Cache sync 16 at Fri Jun 12 19:00:56 UTC 2026
Cache sync 17 at Fri Jun 12 19:00:56 UTC 2026
Cache sync 18 at Fri Jun 12 19:00:56 UTC 2026
Cache sync 19 at Fri Jun 12 19:00:56 UTC 2026
Cache sync 20 at Fri Jun 12 19:00:56 UTC 2026
Cache sync 21 at Fri Jun 12 19:00:56 UTC 2026
Cache sync 22 at Fri Jun 12 19:00:56 UTC 2026
Cache sync 23 at Fri Jun 12 19:00:56 UTC 2026
Cache sync 24 at Fri Jun 12 19:00:56 UTC 2026
Cache sync 25 at Fri Jun 12 19:00:56 UTC 2026
Cache sync 26 at Fri Jun 12 19:00:56 UTC 2026
Cache sync 27 at Fri Jun 12 19:00:56 UTC 2026
Cache sync 28 at Fri Jun 12 19:00:56 UTC 2026
Cache sync 29 at Fri Jun 12 19:00:56 UTC 2026
Cache sync 30 at Fri Jun 12 19:00:56 UTC 2026
Cache sync 31 at Fri Jun 12 19:00:56 UTC 2026
Cache sync 32 at Fri Jun 12 19:00:56 UTC 2026
Cache sync 33 at Fri Jun 12 19:00:56 UTC 2026
Cache sync 34 at Fri Jun 12 19:00:56 UTC 2026
Cache sync 35 at Fri Jun 12 19:00:56 UTC 2026
Cache sync 36 at Fri Jun 12 19:00:56 UTC 2026
Cache sync 37 at Fri Jun 12 19:00:56 UTC 2026
Cache sync 38 at Fri Jun 12 19:00:56 UTC 2026
Cache sync 39 at Fri Jun 12 19:00:56 UTC 2026
Cache sync 40 at Fri Jun 12 19:00:56 UTC 2026
Cache sync 41 at Fri Jun 12 19:00:56 UTC 2026
Cache sync 42 at Fri Jun 12 19:00:56 UTC 2026
Cache sync 43 at Fri Jun 12 19:00:56 UTC 2026
Cache sync 44 at Fri Jun 12 19:00:56 UTC 2026
Cache sync 45 at Fri Jun 12 19:00:56 UTC 2026
Cache sync 46 at Fri Jun 12 19:00:56 UTC 2026
Cache sync 47 at Fri Jun 12 19:00:56 UTC 2026
Cache sync 48 at Fri Jun 12 19:00:56 UTC 2026
Cache sync 49 at Fri Jun 12 19:00:56 UTC 2026
Cache sync 50 at Fri Jun 12 19:00:56 UTC 2026
Cache sync 51 at Fri Jun 12 19:00:56 UTC 2026
Cache sync 52 at Fri Jun 12 19:00:56 UTC 2026
Cache sync 53 at Fri Jun 12 19:00:56 UTC 2026
Cache sync 54 at Fri Jun 12 19:00:56 UTC 2026
Cache sync 55 at Fri Jun 12 19:00:56 UTC 2026
Cache sync 56 at Fri Jun 12 19:00:56 UTC 2026
Cache sync 57 at Fri Jun 12 19:00:56 UTC 2026
Cache sync 58 at Fri Jun 12 19:00:56 UTC 2026
Cache sync 59 at Fri Jun 12 19:00:56 UTC 2026
Cache sync 60 at Fri Jun 12 19:00:56 UTC 2026
Cache sync 61 at Fri Jun 12 19:00:56 UTC 2026
Cache sync 62 at Fri Jun 12 19:00:56 UTC 2026
Cache sync 63 at Fri Jun 12 19:00:56 UTC 2026
Cache sync 64 at Fri Jun 12 19:00:56 UTC 2026
Cache sync 65 at Fri Jun 12 19:00:56 UTC 2026
Cache sync 66 at Fri Jun 12 19:00:56 UTC 2026
Cache sync 67 at Fri Jun 12 19:00:56 UTC 2026
Cache sync 68 at Fri Jun 12 19:00:56 UTC 2026
Cache sync 69 at Fri Jun 12 19:00:56 UTC 2026
Cache sync 70 at Fri Jun 12 19:00:56 UTC 2026
Cache sync 71 at Fri Jun 12 19:00:56 UTC 2026
Cache sync 72 at Fri Jun 12 19:00:56 UTC 2026
Cache sync 73 at Fri Jun 12 19:00:56 UTC 2026
Cache sync 74 at Fri Jun 12 19:00:56 UTC 2026
Cache sync 75 at Fri Jun 12 19:00:56 UTC 2026
Cache sync 76 at Fri Jun 12 19:00:56 UTC 2026
Cache sync 77 at Fri Jun 12 19:00:56 UTC 2026
Cache sync 78 at Fri Jun 12 19:00:56 UTC 2026
Cache sync 79 at Fri Jun 12 19:00:56 UTC 2026
Cache sync 80 at Fri Jun 12 19:00:56 UTC 2026
Cache sync 81 at Fri Jun 12 19:00:56 UTC 2026
Cache sync 82 at Fri Jun 12 19:00:56 UTC 2026
Cache sync 1 at Sat Jun 13 18:04:09 UTC 2026
Cache sync 2 at Sat Jun 13 18:04:09 UTC 2026
Cache sync 3 at Sat Jun 13 18:04:09 UTC 2026
Cache sync 4 at Sat Jun 13 18:04:09 UTC 2026
Cache sync 5 at Sat Jun 13 18:04:09 UTC 2026
Cache sync 6 at Sat Jun 13 18:04:09 UTC 2026
Cache sync 7 at Sat Jun 13 18:04:09 UTC 2026
Cache sync 8 at Sat Jun 13 18:04:09 UTC 2026
Cache sync 9 at Sat Jun 13 18:04:09 UTC 2026
Cache sync 10 at Sat Jun 13 18:04:09 UTC 2026
Cache sync 11 at Sat Jun 13 18:04:09 UTC 2026
Cache sync 12 at Sat Jun 13 18:04:09 UTC 2026
Cache sync 13 at Sat Jun 13 18:04:09 UTC 2026
Cache sync 14 at Sat Jun 13 18:04:09 UTC 2026
Cache sync 15 at Sat Jun 13 18:04:09 UTC 2026
Cache sync 16 at Sat Jun 13 18:04:09 UTC 2026
Cache sync 17 at Sat Jun 13 18:04:09 UTC 2026
Cache sync 18 at Sat Jun 13 18:04:09 UTC 2026
Cache sync 19 at Sat Jun 13 18:04:09 UTC 2026
Cache sync 20 at Sat Jun 13 18:04:09 UTC 2026
Cache sync 21 at Sat Jun 13 18:04:09 UTC 2026
Cache sync 22 at Sat Jun 13 18:04:09 UTC 2026
Cache sync 23 at Sat Jun 13 18:04:09 UTC 2026
Cache sync 24 at Sat Jun 13 18:04:09 UTC 2026
Cache sync 25 at Sat Jun 13 18:04:09 UTC 2026
Cache sync 26 at Sat Jun 13 18:04:09 UTC 2026
Cache sync 27 at Sat Jun 13 18:04:09 UTC 2026
Cache sync 28 at Sat Jun 13 18:04:09 UTC 2026
Cache sync 29 at Sat Jun 13 18:04:09 UTC 2026
Cache sync 30 at Sat Jun 13 18:04:09 UTC 2026
Cache sync 31 at Sat Jun 13 18:04:09 UTC 2026
Cache sync 32 at Sat Jun 13 18:04:09 UTC 2026
Cache sync 33 at Sat Jun 13 18:04:09 UTC 2026
Cache sync 34 at Sat Jun 13 18:04:09 UTC 2026
Cache sync 35 at Sat Jun 13 18:04:09 UTC 2026
Cache sync 36 at Sat Jun 13 18:04:09 UTC 2026
Cache sync 37 at Sat Jun 13 18:04:09 UTC 2026
Cache sync 38 at Sat Jun 13 18:04:09 UTC 2026
Cache sync 39 at Sat Jun 13 18:04:09 UTC 2026
Cache sync 40 at Sat Jun 13 18:04:09 UTC 2026
Cache sync 41 at Sat Jun 13 18:04:09 UTC 2026
Cache sync 42 at Sat Jun 13 18:04:09 UTC 2026
Cache sync 43 at Sat Jun 13 18:04:09 UTC 2026
Cache sync 44 at Sat Jun 13 18:04:09 UTC 2026
Cache sync 45 at Sat Jun 13 18:04:09 UTC 2026
Cache sync 46 at Sat Jun 13 18:04:09 UTC 2026
Cache sync 47 at Sat Jun 13 18:04:09 UTC 2026
Cache sync 48 at Sat Jun 13 18:04:09 UTC 2026
Cache sync 49 at Sat Jun 13 18:04:09 UTC 2026
Cache sync 50 at Sat Jun 13 18:04:09 UTC 2026
Cache sync 51 at Sat Jun 13 18:04:09 UTC 2026
Cache sync 52 at Sat Jun 13 18:04:09 UTC 2026
Cache sync 53 at Sat Jun 13 18:04:09 UTC 2026
Cache sync 54 at Sat Jun 13 18:04:09 UTC 2026
Cache sync 55 at Sat Jun 13 18:04:09 UTC 2026
Cache sync 56 at Sat Jun 13 18:04:09 UTC 2026
Cache sync 57 at Sat Jun 13 18:04:09 UTC 2026
Cache sync 58 at Sat Jun 13 18:04:09 UTC 2026
Cache sync 59 at Sat Jun 13 18:04:09 UTC 2026
Cache sync 60 at Sat Jun 13 18:04:09 UTC 2026
Cache sync 61 at Sat Jun 13 18:04:09 UTC 2026
Cache sync 62 at Sat Jun 13 18:04:09 UTC 2026
Cache sync 63 at Sat Jun 13 18:04:09 UTC 2026
Cache sync 64 at Sat Jun 13 18:04:09 UTC 2026
Cache sync 65 at Sat Jun 13 18:04:09 UTC 2026
Cache sync 66 at Sat Jun 13 18:04:09 UTC 2026
Cache sync 67 at Sat Jun 13 18:04:09 UTC 2026
Cache sync 68 at Sat Jun 13 18:04:09 UTC 2026
Cache sync 69 at Sat Jun 13 18:04:09 UTC 2026
Cache sync 70 at Sat Jun 13 18:04:09 UTC 2026
Cache sync 71 at Sat Jun 13 18:04:10 UTC 2026
Cache sync 72 at Sat Jun 13 18:04:10 UTC 2026
Cache sync 73 at Sat Jun 13 18:04:10 UTC 2026
Cache sync 74 at Sat Jun 13 18:04:10 UTC 2026
Cache sync 75 at Sat Jun 13 18:04:10 UTC 2026
Cache sync 76 at Sat Jun 13 18:04:10 UTC 2026
Cache sync 77 at Sat Jun 13 18:04:10 UTC 2026
Cache sync 78 at Sat Jun 13 18:04:10 UTC 2026
Cache sync 79 at Sat Jun 13 18:04:10 UTC 2026
Cache sync 80 at Sat Jun 13 18:04:10 UTC 2026
Cache sync 81 at Sat Jun 13 18:04:10 UTC 2026
Cache sync 82 at Sat Jun 13 18:04:10 UTC 2026
Cache sync 83 at Sat Jun 13 18:04:10 UTC 2026
Cache sync 84 at Sat Jun 13 18:04:10 UTC 2026
Cache sync 1 at Sun Jun 14 18:09:31 UTC 2026
Cache sync 2 at Sun Jun 14 18:09:31 UTC 2026
Cache sync 3 at Sun Jun 14 18:09:31 UTC 2026
Cache sync 4 at Sun Jun 14 18:09:31 UTC 2026
Cache sync 5 at Sun Jun 14 18:09:32 UTC 2026
Cache sync 6 at Sun Jun 14 18:09:32 UTC 2026
Cache sync 7 at Sun Jun 14 18:09:32 UTC 2026
Cache sync 8 at Sun Jun 14 18:09:32 UTC 2026
Cache sync 9 at Sun Jun 14 18:09:32 UTC 2026
Cache sync 10 at Sun Jun 14 18:09:32 UTC 2026
Cache sync 11 at Sun Jun 14 18:09:32 UTC 2026
Cache sync 12 at Sun Jun 14 18:09:32 UTC 2026
Cache sync 13 at Sun Jun 14 18:09:32 UTC 2026
Cache sync 14 at Sun Jun 14 18:09:32 UTC 2026
Cache sync 15 at Sun Jun 14 18:09:32 UTC 2026
Cache sync 16 at Sun Jun 14 18:09:32 UTC 2026
Cache sync 17 at Sun Jun 14 18:09:32 UTC 2026
Cache sync 18 at Sun Jun 14 18:09:32 UTC 2026
Cache sync 19 at Sun Jun 14 18:09:32 UTC 2026
Cache sync 20 at Sun Jun 14 18:09:32 UTC 2026
Cache sync 21 at Sun Jun 14 18:09:32 UTC 2026
Cache sync 22 at Sun Jun 14 18:09:32 UTC 2026
Cache sync 1 at Mon Jun 15 20:22:06 UTC 2026
Cache sync 2 at Mon Jun 15 20:22:06 UTC 2026
Cache sync 3 at Mon Jun 15 20:22:06 UTC 2026
Cache sync 4 at Mon Jun 15 20:22:06 UTC 2026
Cache sync 5 at Mon Jun 15 20:22:06 UTC 2026
Cache sync 6 at Mon Jun 15 20:22:06 UTC 2026
Cache sync 7 at Mon Jun 15 20:22:06 UTC 2026
Cache sync 8 at Mon Jun 15 20:22:06 UTC 2026
Cache sync 9 at Mon Jun 15 20:22:06 UTC 2026
Cache sync 10 at Mon Jun 15 20:22:06 UTC 2026
Cache sync 11 at Mon Jun 15 20:22:06 UTC 2026
Cache sync 12 at Mon Jun 15 20:22:06 UTC 2026
Cache sync 13 at Mon Jun 15 20:22:06 UTC 2026
Cache sync 14 at Mon Jun 15 20:22:06 UTC 2026
Cache sync 15 at Mon Jun 15 20:22:06 UTC 2026
Cache sync 16 at Mon Jun 15 20:22:06 UTC 2026
Cache sync 17 at Mon Jun 15 20:22:06 UTC 2026
Cache sync 18 at Mon Jun 15 20:22:06 UTC 2026
Cache sync 19 at Mon Jun 15 20:22:06 UTC 2026
Cache sync 20 at Mon Jun 15 20:22:06 UTC 2026
Cache sync 21 at Mon Jun 15 20:22:06 UTC 2026
Cache sync 22 at Mon Jun 15 20:22:06 UTC 2026
Cache sync 23 at Mon Jun 15 20:22:06 UTC 2026
Cache sync 24 at Mon Jun 15 20:22:06 UTC 2026
Cache sync 25 at Mon Jun 15 20:22:06 UTC 2026
Cache sync 26 at Mon Jun 15 20:22:06 UTC 2026
Cache sync 27 at Mon Jun 15 20:22:06 UTC 2026
Cache sync 28 at Mon Jun 15 20:22:06 UTC 2026
Cache sync 29 at Mon Jun 15 20:22:06 UTC 2026
Cache sync 30 at Mon Jun 15 20:22:06 UTC 2026
Cache sync 31 at Mon Jun 15 20:22:06 UTC 2026
Cache sync 1 at Tue Jun 16 20:10:40 UTC 2026
Cache sync 2 at Tue Jun 16 20:10:40 UTC 2026
Cache sync 3 at Tue Jun 16 20:10:40 UTC 2026
Cache sync 4 at Tue Jun 16 20:10:40 UTC 2026
Cache sync 5 at Tue Jun 16 20:10:40 UTC 2026
Cache sync 6 at Tue Jun 16 20:10:40 UTC 2026
Cache sync 7 at Tue Jun 16 20:10:40 UTC 2026
Cache sync 8 at Tue Jun 16 20:10:40 UTC 2026
Cache sync 9 at Tue Jun 16 20:10:40 UTC 2026
Cache sync 10 at Tue Jun 16 20:10:40 UTC 2026
Cache sync 11 at Tue Jun 16 20:10:40 UTC 2026
Cache sync 12 at Tue Jun 16 20:10:40 UTC 2026
Cache sync 13 at Tue Jun 16 20:10:40 UTC 2026
Cache sync 14 at Tue Jun 16 20:10:40 UTC 2026
Cache sync 15 at Tue Jun 16 20:10:40 UTC 2026
Cache sync 16 at Tue Jun 16 20:10:40 UTC 2026
Cache sync 17 at Tue Jun 16 20:10:40 UTC 2026
Cache sync 18 at Tue Jun 16 20:10:40 UTC 2026
Cache sync 19 at Tue Jun 16 20:10:40 UTC 2026
Cache sync 20 at Tue Jun 16 20:10:40 UTC 2026
Cache sync 21 at Tue Jun 16 20:10:40 UTC 2026
Cache sync 22 at Tue Jun 16 20:10:40 UTC 2026
Cache sync 23 at Tue Jun 16 20:10:40 UTC 2026
Cache sync 24 at Tue Jun 16 20:10:40 UTC 2026
Cache sync 25 at Tue Jun 16 20:10:41 UTC 2026
Cache sync 26 at Tue Jun 16 20:10:41 UTC 2026
Cache sync 27 at Tue Jun 16 20:10:41 UTC 2026
Cache sync 28 at Tue Jun 16 20:10:41 UTC 2026
Cache sync 29 at Tue Jun 16 20:10:41 UTC 2026
Cache sync 30 at Tue Jun 16 20:10:41 UTC 2026
Cache sync 31 at Tue Jun 16 20:10:41 UTC 2026
Cache sync 32 at Tue Jun 16 20:10:41 UTC 2026
Cache sync 33 at Tue Jun 16 20:10:41 UTC 2026
Cache sync 34 at Tue Jun 16 20:10:41 UTC 2026
Cache sync 35 at Tue Jun 16 20:10:41 UTC 2026
Cache sync 36 at Tue Jun 16 20:10:41 UTC 2026
Cache sync 37 at Tue Jun 16 20:10:41 UTC 2026
Cache sync 38 at Tue Jun 16 20:10:41 UTC 2026
Cache sync 1 at Wed Jun 17 19:21:41 UTC 2026
Cache sync 2 at Wed Jun 17 19:21:41 UTC 2026
Cache sync 1 at Thu Jun 18 19:23:27 UTC 2026
Cache sync 2 at Thu Jun 18 19:23:27 UTC 2026
Cache sync 3 at Thu Jun 18 19:23:27 UTC 2026
Cache sync 4 at Thu Jun 18 19:23:27 UTC 2026
Cache sync 5 at Thu Jun 18 19:23:27 UTC 2026
Cache sync 6 at Thu Jun 18 19:23:27 UTC 2026
Cache sync 7 at Thu Jun 18 19:23:27 UTC 2026
Cache sync 8 at Thu Jun 18 19:23:27 UTC 2026
Cache sync 9 at Thu Jun 18 19:23:27 UTC 2026
Cache sync 10 at Thu Jun 18 19:23:27 UTC 2026
Cache sync 11 at Thu Jun 18 19:23:27 UTC 2026
Cache sync 12 at Thu Jun 18 19:23:27 UTC 2026
Cache sync 13 at Thu Jun 18 19:23:27 UTC 2026
Cache sync 14 at Thu Jun 18 19:23:27 UTC 2026
Cache sync 15 at Thu Jun 18 19:23:27 UTC 2026
Cache sync 16 at Thu Jun 18 19:23:27 UTC 2026
Cache sync 17 at Thu Jun 18 19:23:27 UTC 2026
Cache sync 18 at Thu Jun 18 19:23:27 UTC 2026
Cache sync 19 at Thu Jun 18 19:23:27 UTC 2026
Cache sync 20 at Thu Jun 18 19:23:27 UTC 2026
Cache sync 21 at Thu Jun 18 19:23:27 UTC 2026
Cache sync 22 at Thu Jun 18 19:23:27 UTC 2026
Cache sync 23 at Thu Jun 18 19:23:27 UTC 2026
Cache sync 24 at Thu Jun 18 19:23:27 UTC 2026
Cache sync 25 at Thu Jun 18 19:23:27 UTC 2026
Cache sync 26 at Thu Jun 18 19:23:27 UTC 2026
Cache sync 27 at Thu Jun 18 19:23:27 UTC 2026
Cache sync 28 at Thu Jun 18 19:23:27 UTC 2026
Cache sync 29 at Thu Jun 18 19:23:27 UTC 2026
Cache sync 30 at Thu Jun 18 19:23:27 UTC 2026
Cache sync 31 at Thu Jun 18 19:23:27 UTC 2026
Cache sync 32 at Thu Jun 18 19:23:27 UTC 2026
Cache sync 33 at Thu Jun 18 19:23:27 UTC 2026
Cache sync 34 at Thu Jun 18 19:23:27 UTC 2026
Cache sync 35 at Thu Jun 18 19:23:27 UTC 2026
Cache sync 36 at Thu Jun 18 19:23:27 UTC 2026
Cache sync 37 at Thu Jun 18 19:23:27 UTC 2026
Cache sync 38 at Thu Jun 18 19:23:27 UTC 2026
Cache sync 39 at Thu Jun 18 19:23:27 UTC 2026
Cache sync 40 at Thu Jun 18 19:23:27 UTC 2026
Cache sync 41 at Thu Jun 18 19:23:27 UTC 2026
Cache sync 42 at Thu Jun 18 19:23:27 UTC 2026
Cache sync 43 at Thu Jun 18 19:23:27 UTC 2026
Cache sync 44 at Thu Jun 18 19:23:27 UTC 2026
Cache sync 45 at Thu Jun 18 19:23:27 UTC 2026
Cache sync 46 at Thu Jun 18 19:23:27 UTC 2026
Cache sync 47 at Thu Jun 18 19:23:27 UTC 2026
Cache sync 48 at Thu Jun 18 19:23:27 UTC 2026
Cache sync 49 at Thu Jun 18 19:23:27 UTC 2026
Cache sync 50 at Thu Jun 18 19:23:27 UTC 2026
Cache sync 51 at Thu Jun 18 19:23:27 UTC 2026
Cache sync 52 at Thu Jun 18 19:23:27 UTC 2026
Cache sync 53 at Thu Jun 18 19:23:27 UTC 2026
Cache sync 54 at Thu Jun 18 19:23:27 UTC 2026
Cache sync 55 at Thu Jun 18 19:23:27 UTC 2026
Cache sync 56 at Thu Jun 18 19:23:27 UTC 2026
Cache sync 57 at Thu Jun 18 19:23:27 UTC 2026
Cache sync 58 at Thu Jun 18 19:23:27 UTC 2026
Cache sync 59 at Thu Jun 18 19:23:27 UTC 2026
Cache sync 60 at Thu Jun 18 19:23:27 UTC 2026
Cache sync 61 at Thu Jun 18 19:23:27 UTC 2026
Cache sync 62 at Thu Jun 18 19:23:27 UTC 2026
Cache sync 63 at Thu Jun 18 19:23:27 UTC 2026
Cache sync 64 at Thu Jun 18 19:23:27 UTC 2026
Cache sync 65 at Thu Jun 18 19:23:27 UTC 2026
Cache sync 66 at Thu Jun 18 19:23:27 UTC 2026
Cache sync 67 at Thu Jun 18 19:23:27 UTC 2026
Cache sync 68 at Thu Jun 18 19:23:27 UTC 2026
Cache sync 69 at Thu Jun 18 19:23:27 UTC 2026
Cache sync 70 at Thu Jun 18 19:23:27 UTC 2026
Cache sync 71 at Thu Jun 18 19:23:27 UTC 2026
Cache sync 72 at Thu Jun 18 19:23:27 UTC 2026
Cache sync 73 at Thu Jun 18 19:23:27 UTC 2026
Cache sync 74 at Thu Jun 18 19:23:27 UTC 2026
Cache sync 75 at Thu Jun 18 19:23:27 UTC 2026
Cache sync 76 at Thu Jun 18 19:23:27 UTC 2026
Cache sync 77 at Thu Jun 18 19:23:27 UTC 2026
Cache sync 78 at Thu Jun 18 19:23:27 UTC 2026
Cache sync 79 at Thu Jun 18 19:23:27 UTC 2026
Cache sync 1 at Fri Jun 19 18:51:10 UTC 2026
Cache sync 2 at Fri Jun 19 18:51:10 UTC 2026
Cache sync 3 at Fri Jun 19 18:51:10 UTC 2026
Cache sync 4 at Fri Jun 19 18:51:10 UTC 2026
Cache sync 5 at Fri Jun 19 18:51:10 UTC 2026
Cache sync 6 at Fri Jun 19 18:51:10 UTC 2026
Cache sync 7 at Fri Jun 19 18:51:10 UTC 2026
Cache sync 8 at Fri Jun 19 18:51:10 UTC 2026
Cache sync 9 at Fri Jun 19 18:51:10 UTC 2026
Cache sync 10 at Fri Jun 19 18:51:10 UTC 2026
Cache sync 11 at Fri Jun 19 18:51:10 UTC 2026
Cache sync 12 at Fri Jun 19 18:51:10 UTC 2026
Cache sync 13 at Fri Jun 19 18:51:10 UTC 2026
Cache sync 1 at Sat Jun 20 18:07:18 UTC 2026
Cache sync 2 at Sat Jun 20 18:07:18 UTC 2026
Cache sync 3 at Sat Jun 20 18:07:18 UTC 2026
Cache sync 4 at Sat Jun 20 18:07:18 UTC 2026
Cache sync 5 at Sat Jun 20 18:07:18 UTC 2026
Cache sync 6 at Sat Jun 20 18:07:18 UTC 2026
Cache sync 7 at Sat Jun 20 18:07:18 UTC 2026
Cache sync 8 at Sat Jun 20 18:07:18 UTC 2026
Cache sync 9 at Sat Jun 20 18:07:18 UTC 2026
Cache sync 10 at Sat Jun 20 18:07:18 UTC 2026
Cache sync 11 at Sat Jun 20 18:07:18 UTC 2026
Cache sync 12 at Sat Jun 20 18:07:18 UTC 2026
Cache sync 1 at Sun Jun 21 18:16:19 UTC 2026
Cache sync 2 at Sun Jun 21 18:16:19 UTC 2026
Cache sync 3 at Sun Jun 21 18:16:19 UTC 2026
Cache sync 4 at Sun Jun 21 18:16:19 UTC 2026
Cache sync 5 at Sun Jun 21 18:16:19 UTC 2026
Cache sync 6 at Sun Jun 21 18:16:19 UTC 2026
Cache sync 7 at Sun Jun 21 18:16:19 UTC 2026
Cache sync 8 at Sun Jun 21 18:16:19 UTC 2026
Cache sync 9 at Sun Jun 21 18:16:19 UTC 2026
Cache sync 10 at Sun Jun 21 18:16:19 UTC 2026
Cache sync 11 at Sun Jun 21 18:16:19 UTC 2026
Cache sync 12 at Sun Jun 21 18:16:19 UTC 2026
Cache sync 13 at Sun Jun 21 18:16:19 UTC 2026
Cache sync 14 at Sun Jun 21 18:16:19 UTC 2026
Cache sync 15 at Sun Jun 21 18:16:19 UTC 2026
Cache sync 16 at Sun Jun 21 18:16:19 UTC 2026
Cache sync 17 at Sun Jun 21 18:16:19 UTC 2026
Cache sync 18 at Sun Jun 21 18:16:19 UTC 2026
Cache sync 19 at Sun Jun 21 18:16:19 UTC 2026
Cache sync 20 at Sun Jun 21 18:16:19 UTC 2026
Cache sync 21 at Sun Jun 21 18:16:19 UTC 2026
Cache sync 22 at Sun Jun 21 18:16:19 UTC 2026
Cache sync 23 at Sun Jun 21 18:16:19 UTC 2026
Cache sync 24 at Sun Jun 21 18:16:19 UTC 2026
Cache sync 25 at Sun Jun 21 18:16:19 UTC 2026
Cache sync 26 at Sun Jun 21 18:16:19 UTC 2026
Cache sync 27 at Sun Jun 21 18:16:19 UTC 2026
Cache sync 28 at Sun Jun 21 18:16:19 UTC 2026
Cache sync 29 at Sun Jun 21 18:16:19 UTC 2026
Cache sync 30 at Sun Jun 21 18:16:19 UTC 2026
Cache sync 31 at Sun Jun 21 18:16:19 UTC 2026
Cache sync 32 at Sun Jun 21 18:16:19 UTC 2026
Cache sync 33 at Sun Jun 21 18:16:19 UTC 2026
Cache sync 34 at Sun Jun 21 18:16:19 UTC 2026
Cache sync 35 at Sun Jun 21 18:16:19 UTC 2026
Cache sync 36 at Sun Jun 21 18:16:19 UTC 2026
Cache sync 37 at Sun Jun 21 18:16:19 UTC 2026
Cache sync 38 at Sun Jun 21 18:16:19 UTC 2026
Cache sync 39 at Sun Jun 21 18:16:19 UTC 2026
Cache sync 40 at Sun Jun 21 18:16:19 UTC 2026
Cache sync 41 at Sun Jun 21 18:16:19 UTC 2026
Cache sync 42 at Sun Jun 21 18:16:19 UTC 2026
Cache sync 43 at Sun Jun 21 18:16:19 UTC 2026
Cache sync 44 at Sun Jun 21 18:16:19 UTC 2026
Cache sync 45 at Sun Jun 21 18:16:19 UTC 2026
Cache sync 1 at Mon Jun 22 20:07:00 UTC 2026
Cache sync 2 at Mon Jun 22 20:07:00 UTC 2026
Cache sync 3 at Mon Jun 22 20:07:00 UTC 2026
Cache sync 4 at Mon Jun 22 20:07:00 UTC 2026
Cache sync 5 at Mon Jun 22 20:07:00 UTC 2026
Cache sync 6 at Mon Jun 22 20:07:00 UTC 2026
Cache sync 7 at Mon Jun 22 20:07:00 UTC 2026
Cache sync 8 at Mon Jun 22 20:07:00 UTC 2026
Cache sync 9 at Mon Jun 22 20:07:00 UTC 2026
Cache sync 1 at Wed Jun 24 18:47:41 UTC 2026
Cache sync 1 at Thu Jun 25 19:03:25 UTC 2026
Cache sync 2 at Thu Jun 25 19:03:25 UTC 2026
Cache sync 3 at Thu Jun 25 19:03:25 UTC 2026
Cache sync 4 at Thu Jun 25 19:03:25 UTC 2026
Cache sync 5 at Thu Jun 25 19:03:25 UTC 2026
Cache sync 6 at Thu Jun 25 19:03:25 UTC 2026
Cache sync 7 at Thu Jun 25 19:03:25 UTC 2026
Cache sync 8 at Thu Jun 25 19:03:25 UTC 2026
Cache sync 9 at Thu Jun 25 19:03:25 UTC 2026
Cache sync 10 at Thu Jun 25 19:03:25 UTC 2026
Cache sync 11 at Thu Jun 25 19:03:25 UTC 2026
Cache sync 12 at Thu Jun 25 19:03:25 UTC 2026
Cache sync 13 at Thu Jun 25 19:03:25 UTC 2026
Cache sync 14 at Thu Jun 25 19:03:25 UTC 2026
Cache sync 15 at Thu Jun 25 19:03:25 UTC 2026
Cache sync 16 at Thu Jun 25 19:03:25 UTC 2026
Cache sync 17 at Thu Jun 25 19:03:25 UTC 2026
Cache sync 18 at Thu Jun 25 19:03:25 UTC 2026
Cache sync 19 at Thu Jun 25 19:03:25 UTC 2026
Cache sync 20 at Thu Jun 25 19:03:25 UTC 2026
Cache sync 21 at Thu Jun 25 19:03:25 UTC 2026
Cache sync 1 at Fri Jun 26 18:27:15 UTC 2026
Cache sync 2 at Fri Jun 26 18:27:15 UTC 2026
Cache sync 3 at Fri Jun 26 18:27:15 UTC 2026
Cache sync 4 at Fri Jun 26 18:27:15 UTC 2026
Cache sync 5 at Fri Jun 26 18:27:15 UTC 2026
Cache sync 6 at Fri Jun 26 18:27:15 UTC 2026
Cache sync 7 at Fri Jun 26 18:27:15 UTC 2026
Cache sync 8 at Fri Jun 26 18:27:15 UTC 2026
Cache sync 9 at Fri Jun 26 18:27:15 UTC 2026
Cache sync 10 at Fri Jun 26 18:27:15 UTC 2026
Cache sync 11 at Fri Jun 26 18:27:15 UTC 2026
Cache sync 12 at Fri Jun 26 18:27:15 UTC 2026
Cache sync 13 at Fri Jun 26 18:27:15 UTC 2026
Cache sync 14 at Fri Jun 26 18:27:15 UTC 2026
Cache sync 15 at Fri Jun 26 18:27:15 UTC 2026
Cache sync 16 at Fri Jun 26 18:27:15 UTC 2026
Cache sync 17 at Fri Jun 26 18:27:15 UTC 2026
Cache sync 18 at Fri Jun 26 18:27:15 UTC 2026
Cache sync 19 at Fri Jun 26 18:27:15 UTC 2026
Cache sync 20 at Fri Jun 26 18:27:15 UTC 2026
Cache sync 1 at Sun Jun 28 18:01:46 UTC 2026
Cache sync 2 at Sun Jun 28 18:01:46 UTC 2026
Cache sync 3 at Sun Jun 28 18:01:46 UTC 2026
Cache sync 4 at Sun Jun 28 18:01:46 UTC 2026
Cache sync 5 at Sun Jun 28 18:01:46 UTC 2026
Cache sync 6 at Sun Jun 28 18:01:46 UTC 2026
Cache sync 7 at Sun Jun 28 18:01:46 UTC 2026
Cache sync 8 at Sun Jun 28 18:01:46 UTC 2026
Cache sync 9 at Sun Jun 28 18:01:46 UTC 2026
Cache sync 10 at Sun Jun 28 18:01:46 UTC 2026
Cache sync 11 at Sun Jun 28 18:01:46 UTC 2026
Cache sync 12 at Sun Jun 28 18:01:46 UTC 2026
Cache sync 13 at Sun Jun 28 18:01:46 UTC 2026
Cache sync 14 at Sun Jun 28 18:01:46 UTC 2026
Cache sync 15 at Sun Jun 28 18:01:46 UTC 2026
Cache sync 16 at Sun Jun 28 18:01:46 UTC 2026
Cache sync 17 at Sun Jun 28 18:01:46 UTC 2026
Cache sync 18 at Sun Jun 28 18:01:46 UTC 2026
Cache sync 19 at Sun Jun 28 18:01:46 UTC 2026
Cache sync 20 at Sun Jun 28 18:01:46 UTC 2026
Cache sync 21 at Sun Jun 28 18:01:46 UTC 2026
Cache sync 22 at Sun Jun 28 18:01:46 UTC 2026
Cache sync 23 at Sun Jun 28 18:01:46 UTC 2026
Cache sync 24 at Sun Jun 28 18:01:46 UTC 2026
Cache sync 25 at Sun Jun 28 18:01:46 UTC 2026
Cache sync 26 at Sun Jun 28 18:01:46 UTC 2026
Cache sync 27 at Sun Jun 28 18:01:46 UTC 2026
Cache sync 28 at Sun Jun 28 18:01:46 UTC 2026
Cache sync 29 at Sun Jun 28 18:01:46 UTC 2026
Cache sync 30 at Sun Jun 28 18:01:46 UTC 2026
Cache sync 31 at Sun Jun 28 18:01:46 UTC 2026
Cache sync 32 at Sun Jun 28 18:01:46 UTC 2026
Cache sync 33 at Sun Jun 28 18:01:46 UTC 2026
Cache sync 34 at Sun Jun 28 18:01:46 UTC 2026
Cache sync 35 at Sun Jun 28 18:01:46 UTC 2026
Cache sync 36 at Sun Jun 28 18:01:46 UTC 2026
Cache sync 37 at Sun Jun 28 18:01:46 UTC 2026
Cache sync 38 at Sun Jun 28 18:01:46 UTC 2026
Cache sync 39 at Sun Jun 28 18:01:46 UTC 2026
Cache sync 40 at Sun Jun 28 18:01:46 UTC 2026
Cache sync 41 at Sun Jun 28 18:01:46 UTC 2026
Cache sync 42 at Sun Jun 28 18:01:46 UTC 2026
Cache sync 43 at Sun Jun 28 18:01:46 UTC 2026
Cache sync 1 at Mon Jun 29 19:02:03 UTC 2026
Cache sync 2 at Mon Jun 29 19:02:03 UTC 2026
Cache sync 3 at Mon Jun 29 19:02:03 UTC 2026
Cache sync 4 at Mon Jun 29 19:02:03 UTC 2026
Cache sync 5 at Mon Jun 29 19:02:03 UTC 2026
Cache sync 6 at Mon Jun 29 19:02:03 UTC 2026
Cache sync 7 at Mon Jun 29 19:02:03 UTC 2026
Cache sync 8 at Mon Jun 29 19:02:03 UTC 2026
Cache sync 9 at Mon Jun 29 19:02:03 UTC 2026
Cache sync 10 at Mon Jun 29 19:02:03 UTC 2026
Cache sync 11 at Mon Jun 29 19:02:03 UTC 2026
Cache sync 12 at Mon Jun 29 19:02:03 UTC 2026
Cache sync 13 at Mon Jun 29 19:02:03 UTC 2026
Cache sync 14 at Mon Jun 29 19:02:03 UTC 2026
Cache sync 15 at Mon Jun 29 19:02:03 UTC 2026
Cache sync 16 at Mon Jun 29 19:02:03 UTC 2026
Cache sync 17 at Mon Jun 29 19:02:03 UTC 2026
Cache sync 18 at Mon Jun 29 19:02:03 UTC 2026
Cache sync 19 at Mon Jun 29 19:02:03 UTC 2026
Cache sync 20 at Mon Jun 29 19:02:03 UTC 2026
Cache sync 21 at Mon Jun 29 19:02:03 UTC 2026
Cache sync 22 at Mon Jun 29 19:02:03 UTC 2026
Cache sync 23 at Mon Jun 29 19:02:03 UTC 2026
Cache sync 24 at Mon Jun 29 19:02:03 UTC 2026
Cache sync 25 at Mon Jun 29 19:02:03 UTC 2026
Cache sync 26 at Mon Jun 29 19:02:03 UTC 2026
Cache sync 27 at Mon Jun 29 19:02:03 UTC 2026
Cache sync 28 at Mon Jun 29 19:02:03 UTC 2026
Cache sync 29 at Mon Jun 29 19:02:03 UTC 2026
Cache sync 30 at Mon Jun 29 19:02:03 UTC 2026
Cache sync 31 at Mon Jun 29 19:02:03 UTC 2026
Cache sync 32 at Mon Jun 29 19:02:03 UTC 2026
Cache sync 33 at Mon Jun 29 19:02:03 UTC 2026
Cache sync 34 at Mon Jun 29 19:02:03 UTC 2026
Cache sync 35 at Mon Jun 29 19:02:03 UTC 2026
Cache sync 36 at Mon Jun 29 19:02:03 UTC 2026
Cache sync 37 at Mon Jun 29 19:02:03 UTC 2026
Cache sync 38 at Mon Jun 29 19:02:03 UTC 2026
Cache sync 39 at Mon Jun 29 19:02:03 UTC 2026
Cache sync 40 at Mon Jun 29 19:02:03 UTC 2026
Cache sync 41 at Mon Jun 29 19:02:03 UTC 2026
Cache sync 42 at Mon Jun 29 19:02:03 UTC 2026
Cache sync 43 at Mon Jun 29 19:02:03 UTC 2026
Cache sync 44 at Mon Jun 29 19:02:03 UTC 2026
Cache sync 45 at Mon Jun 29 19:02:03 UTC 2026
Cache sync 46 at Mon Jun 29 19:02:03 UTC 2026
Cache sync 47 at Mon Jun 29 19:02:03 UTC 2026
Cache sync 48 at Mon Jun 29 19:02:03 UTC 2026
Cache sync 49 at Mon Jun 29 19:02:03 UTC 2026
Cache sync 50 at Mon Jun 29 19:02:03 UTC 2026
Cache sync 51 at Mon Jun 29 19:02:03 UTC 2026
Cache sync 52 at Mon Jun 29 19:02:03 UTC 2026
Cache sync 53 at Mon Jun 29 19:02:03 UTC 2026
Cache sync 54 at Mon Jun 29 19:02:03 UTC 2026
Cache sync 55 at Mon Jun 29 19:02:03 UTC 2026
Cache sync 56 at Mon Jun 29 19:02:03 UTC 2026
Cache sync 57 at Mon Jun 29 19:02:03 UTC 2026
